Px,Py,Pz,Vx,Vy,Vz
-0.00,-0.00,-0.00,-0.00,-0.00,0.00
-0.00,-0.00,-0.00,-0.00,-0.00,0.00
-0.00,-0.00,-0.00,-0.01,-0.00,-0.00
-0.00,-0.00,-0.00,-0.01,-0.00,-0.01
-0.00,-0.00,-0.00,-0.02,-0.00,-0.01
-0.00,-0.00,-0.00,-0.02,-0.00,-0.01
-0.00,-0.00,-0.00,-0.02,-0.01,-0.01
-0.00,-0.00,-0.00,-0.03,-0.01,-0.01
-0.00,-0.00,-0.00,-0.03,-0.01,-0.01
-0.00,-0.00,-0.00,-0.03,-0.01,-0.01
-0.00,-0.00,-0.00,-0.03,-0.01,-0.00
-0.00,-0.00,-0.00,-0.03,-0.01,0.00
-0.00,-0.00,-0.00,-0.03,-0.01,0.00
-0.00,-0.00,-0.00,-0.03,-0.02,0.00
-0.01,-0.00,-0.00,-0.04,-0.02,-0.00
-0.01,-0.00,-0.00,-0.04,-0.02,-0.00
-0.01,-0.00,-0.00,-0.04,-0.02,-0.01
-0.01,-0.00,-0.00,-0.05,-0.02,-0.01
-0.01,-0.00,-0.00,-0.05,-0.02,-0.01
-0.01,-0.00,-0.00,-0.05,-0.02,-0.01
-0.01,-0.00,-0.00,-0.06,-0.02,-0.01
-0.01,-0.00,-0.00,-0.06,-0.02,-0.01
-0.01,-0.00,-0.00,-0.06,-0.03,-0.00
-0.01,-0.01,-0.00,-0.06,-0.03,0.00
-0.01,-0.01,-0.00,-0.06,-0.03,0.00
-0.02,-0.01,-0.00,-0.06,-0.03,0.00
-0.02,-0.01,-0.00,-0.07,-0.03,0.00
-0.02,-0.01,-0.00,-0.07,-0.03,-0.00
-0.02,-0.01,-0.00,-0.08,-0.03,-0.01
-0.02,-0.01,-0.00,-0.08,-0.03,-0.01
-0.02,-0.01,-0.00,-0.08,-0.03,-0.01
-0.02,-0.01,-0.00,-0.09,-0.03,-0.01
-0.02,-0.01,-0.00,-0.09,-0.03,-0.01
-0.03,-0.01,-0.00,-0.09,-0.03,-0.00
-0.03,-0.01,-0.00,-0.09,-0.04,-0.00
-0.03,-0.01,-0.00,-0.09,-0.04,0.00
-0.03,-0.01,-0.00,-0.09,-0.04,0.00
-0.03,-0.01,-0.00,-0.10,-0.04,0.00
-0.03,-0.01,-0.00,-0.10,-0.04,0.00
-0.04,-0.01,-0.00,-0.11,-0.04,-0.00
-0.04,-0.02,-0.00,-0.11,-0.04,-0.00
-0.04,-0.02,-0.00,-0.12,-0.04,-0.01
-0.04,-0.02,-0.00,-0.12,-0.04,-0.01
-0.04,-0.02,-0.00,-0.12,-0.05,-0.01
-0.05,-0.02,-0.00,-0.13,-0.05,-0.01
-0.05,-0.02,-0.00,-0.13,-0.05,-0.01
-0.05,-0.02,-0.00,-0.13,-0.05,-0.00
-0.05,-0.02,-0.00,-0.13,-0.05,0.00
-0.05,-0.02,-0.00,-0.13,-0.05,0.00
-0.06,-0.02,-0.00,-0.13,-0.05,0.00
-0.06,-0.02,-0.00,-0.14,-0.05,0.00
-0.06,-0.02,-0.00,-0.14,-0.05,-0.00
-0.06,-0.02,-0.00,-0.15,-0.05,-0.00
-0.06,-0.03,-0.00,-0.15,-0.05,-0.01
-0.07,-0.03,-0.00,-0.16,-0.05,-0.01
-0.07,-0.03,-0.00,-0.16,-0.05,-0.01
-0.07,-0.03,-0.00,-0.16,-0.05,-0.01
-0.07,-0.03,-0.00,-0.16,-0.05,-0.01
-0.08,-0.03,-0.00,-0.16,-0.06,-0.00
-0.08,-0.03,-0.00,-0.17,-0.06,-0.00
-0.08,-0.03,-0.00,-0.17,-0.06,0.00
-0.08,-0.03,-0.00,-0.17,-0.06,0.00
-0.08,-0.03,-0.00,-0.17,-0.06,0.00
-0.09,-0.03,-0.00,-0.17,-0.06,-0.00
-0.09,-0.03,-0.00,-0.18,-0.06,-0.00
-0.09,-0.03,-0.00,-0.18,-0.06,-0.01
-0.09,-0.03,-0.00,-0.19,-0.06,-0.01
-0.10,-0.04,-0.00,-0.19,-0.06,-0.01
-0.10,-0.04,-0.00,-0.19,-0.06,-0.01
-0.10,-0.04,-0.00,-0.20,-0.06,-0.01
-0.10,-0.04,-0.00,-0.20,-0.06,-0.00
-0.10,-0.04,-0.00,-0.20,-0.06,-0.00
-0.11,-0.04,-0.00,-0.20,-0.06,0.00
-0.11,-0.04,-0.00,-0.20,-0.06,0.00
-0.11,-0.04,-0.00,-0.20,-0.07,0.01
-0.11,-0.04,-0.00,-0.21,-0.07,0.00
-0.11,-0.04,-0.00,-0.21,-0.07,0.00
-0.12,-0.04,-0.00,-0.21,-0.06,-0.00
-0.12,-0.04,-0.00,-0.22,-0.06,-0.00
-0.12,-0.04,-0.00,-0.22,-0.06,-0.01
-0.12,-0.04,-0.00,-0.23,-0.06,-0.01
-0.12,-0.04,-0.00,-0.23,-0.06,-0.00
-0.13,-0.04,-0.00,-0.23,-0.06,-0.00
-0.13,-0.04,-0.00,-0.23,-0.06,0.00
-0.13,-0.04,-0.00,-0.23,-0.06,0.01
-0.13,-0.04,-0.00,-0.23,-0.07,0.01
-0.13,-0.04,-0.00,-0.23,-0.07,0.01
-0.13,-0.04,-0.00,-0.23,-0.07,0.01
-0.13,-0.04,-0.00,-0.24,-0.06,0.00
-0.14,-0.05,-0.00,-0.24,-0.06,0.00
-0.14,-0.05,-0.00,-0.24,-0.06,-0.00
-0.14,-0.05,-0.00,-0.25,-0.06,-0.01
-0.14,-0.05,-0.00,-0.25,-0.06,-0.01
-0.14,-0.05,-0.00,-0.25,-0.06,-0.01
-0.14,-0.05,-0.00,-0.25,-0.06,-0.00
-0.15,-0.05,-0.00,-0.25,-0.06,-0.00
-0.15,-0.05,-0.00,-0.25,-0.06,0.00
-0.15,-0.05,-0.00,-0.25,-0.07,0.01
-0.15,-0.05,-0.00,-0.25,-0.07,0.01
-0.15,-0.05,-0.00,-0.25,-0.07,0.01
-0.15,-0.05,-0.00,-0.26,-0.06,0.00
-0.15,-0.05,-0.00,-0.26,-0.06,-0.00
-0.15,-0.05,-0.00,-0.26,-0.06,-0.00
-0.15,-0.05,-0.00,-0.27,-0.06,-0.01
-0.16,-0.05,-0.00,-0.27,-0.06,-0.01
-0.16,-0.05,-0.00,-0.27,-0.06,-0.01
-0.16,-0.05,-0.01,-0.27,-0.06,-0.01
-0.16,-0.05,-0.01,-0.27,-0.06,-0.00
-0.16,-0.05,-0.01,-0.27,-0.06,-0.00
-0.16,-0.05,-0.01,-0.27,-0.07,0.00
-0.16,-0.05,-0.01,-0.27,-0.06,0.00
-0.16,-0.05,-0.00,-0.27,-0.06,0.00
-0.16,-0.05,-0.00,-0.27,-0.06,0.00
-0.16,-0.05,-0.00,-0.28,-0.06,-0.00
-0.16,-0.05,-0.00,-0.28,-0.06,-0.01
-0.17,-0.05,-0.01,-0.29,-0.06,-0.01
-0.17,-0.05,-0.01,-0.29,-0.06,-0.01
-0.17,-0.05,-0.01,-0.29,-0.06,-0.01
-0.17,-0.05,-0.01,-0.29,-0.06,-0.01
-0.17,-0.05,-0.01,-0.29,-0.06,-0.01
-0.17,-0.05,-0.01,-0.29,-0.06,-0.00
-0.17,-0.05,-0.01,-0.29,-0.06,0.00
-0.17,-0.05,-0.01,-0.29,-0.06,0.00
-0.17,-0.05,-0.01,-0.29,-0.06,0.00
-0.17,-0.05,-0.00,-0.29,-0.06,-0.00
-0.17,-0.05,-0.00,-0.30,-0.06,-0.00
-0.17,-0.05,-0.00,-0.30,-0.06,-0.00
-0.17,-0.04,-0.00,-0.30,-0.05,-0.00
-0.18,-0.04,-0.00,-0.30,-0.05,-0.00
-0.18,-0.04,-0.00,-0.30,-0.05,-0.00
-0.18,-0.04,-0.00,-0.30,-0.05,-0.00
-0.18,-0.04,-0.00,-0.30,-0.06,0.00
-0.18,-0.04,0.00,-0.31,-0.06,0.00
-0.18,-0.04,0.00,-0.31,-0.06,0.01
-0.18,-0.04,0.00,-0.31,-0.06,0.01
-0.18,-0.04,0.00,-0.23,-0.00,0.03
-0.18,-0.04,0.00,-0.35,-0.04,0.04
-0.18,-0.04,0.00,-0.36,-0.05,0.02
-0.18,-0.04,0.00,-0.35,-0.04,0.03
-0.18,-0.04,0.01,-0.36,-0.05,0.03
-0.19,-0.04,0.01,-0.36,-0.04,0.03
-0.19,-0.04,0.01,-0.37,-0.04,0.02
-0.19,-0.04,0.01,-0.36,-0.04,0.01
-0.19,-0.04,0.01,-0.36,-0.05,0.01
-0.19,-0.04,0.01,-0.36,-0.04,0.02
-0.19,-0.04,0.01,-0.36,-0.05,0.02
-0.19,-0.04,0.01,-0.36,-0.01,0.09
-0.19,-0.04,0.02,-0.35,-0.03,0.11
-0.20,-0.04,0.02,-0.33,-0.03,0.10
-0.20,-0.04,0.02,-0.35,-0.04,0.10
-0.20,-0.04,0.03,-0.33,-0.05,0.10
-0.20,-0.04,0.03,-0.34,-0.06,0.09
-0.20,-0.04,0.03,-0.36,-0.07,0.09
-0.20,-0.04,0.04,-0.36,-0.07,0.09
-0.20,-0.04,0.04,-0.37,-0.07,0.08
-0.20,-0.04,0.05,-0.38,-0.04,0.09
-0.20,-0.04,0.05,-0.37,-0.04,0.09
-0.20,-0.04,0.05,-0.37,-0.05,0.12
-0.21,-0.04,0.06,-0.40,-0.07,0.14
-0.21,-0.04,0.06,-0.40,-0.06,0.14
-0.21,-0.04,0.06,-0.40,-0.06,0.14
-0.21,-0.04,0.07,-0.39,-0.06,0.19
-0.21,-0.04,0.07,-0.39,-0.06,0.22
-0.21,-0.04,0.08,-0.39,-0.04,0.24
-0.21,-0.04,0.08,-0.40,-0.05,0.27
-0.21,-0.04,0.09,-0.40,-0.05,0.31
-0.22,-0.04,0.09,-0.40,-0.05,0.34
-0.22,-0.04,0.10,-0.40,-0.05,0.36
-0.22,-0.04,0.10,-0.41,-0.06,0.40
-0.22,-0.04,0.11,-0.42,-0.07,0.44
-0.22,-0.04,0.12,-0.43,-0.08,0.49
-0.22,-0.04,0.13,-0.43,-0.08,0.55
-0.22,-0.04,0.14,-0.44,-0.08,0.60
-0.23,-0.04,0.15,-0.45,-0.08,0.64
-0.23,-0.04,0.16,-0.46,-0.07,0.68
-0.23,-0.04,0.18,-0.46,-0.07,0.71
-0.23,-0.04,0.19,-0.47,-0.07,0.75
-0.23,-0.04,0.20,-0.47,-0.07,0.78
-0.24,-0.04,0.22,-0.48,-0.10,0.80
-0.24,-0.04,0.23,-0.45,-0.10,0.85
-0.24,-0.04,0.25,-0.46,-0.10,0.84
-0.24,-0.04,0.26,-0.46,-0.11,0.85
-0.24,-0.04,0.27,-0.46,-0.10,0.85
-0.24,-0.04,0.29,-0.48,-0.10,0.82
-0.25,-0.04,0.30,-0.49,-0.10,0.79
-0.25,-0.04,0.31,-0.49,-0.10,0.76
-0.25,-0.05,0.32,-0.50,-0.11,0.71
-0.25,-0.05,0.33,-0.49,-0.13,0.67
-0.25,-0.05,0.34,-0.49,-0.12,0.62
-0.26,-0.05,0.35,-0.49,-0.12,0.57
-0.26,-0.05,0.36,-0.48,-0.12,0.51
-0.26,-0.05,0.37,-0.47,-0.13,0.47
-0.26,-0.05,0.37,-0.48,-0.14,0.45
-0.26,-0.05,0.38,-0.49,-0.13,0.43
-0.26,-0.05,0.38,-0.50,-0.12,0.41
-0.27,-0.05,0.39,-0.49,-0.11,0.39
-0.27,-0.05,0.40,-0.48,-0.10,0.36
-0.27,-0.05,0.40,-0.48,-0.11,0.33
-0.27,-0.05,0.41,-0.48,-0.11,0.32
-0.27,-0.05,0.41,-0.48,-0.11,0.30
-0.27,-0.06,0.41,-0.48,-0.11,0.29
-0.27,-0.06,0.42,-0.48,-0.10,0.27
-0.27,-0.06,0.42,-0.48,-0.10,0.25
-0.28,-0.06,0.43,-0.48,-0.11,0.23
-0.28,-0.06,0.43,-0.49,-0.11,0.21
-0.28,-0.06,0.43,-0.48,-0.11,0.19
-0.28,-0.06,0.43,-0.48,-0.10,0.17
-0.28,-0.06,0.44,-0.48,-0.10,0.15
-0.28,-0.06,0.44,-0.48,-0.10,0.12
-0.28,-0.06,0.44,-0.48,-0.10,0.08
-0.28,-0.06,0.44,-0.48,-0.10,0.04
-0.28,-0.06,0.44,-0.47,-0.10,-0.01
-0.28,-0.06,0.44,-0.47,-0.09,-0.07
-0.28,-0.06,0.44,-0.47,-0.09,-0.13
-0.28,-0.06,0.43,-0.47,-0.09,-0.18
-0.29,-0.06,0.43,-0.47,-0.09,-0.23
-0.29,-0.06,0.42,-0.47,-0.09,-0.27
-0.29,-0.06,0.42,-0.48,-0.09,-0.31
-0.29,-0.06,0.41,-0.48,-0.08,-0.33
-0.29,-0.06,0.40,-0.48,-0.07,-0.35
-0.29,-0.06,0.40,-0.48,-0.05,-0.37
-0.29,-0.06,0.39,-0.49,-0.04,-0.39
-0.29,-0.06,0.38,-0.50,-0.02,-0.39
-0.29,-0.05,0.38,-0.50,-0.02,-0.40
-0.29,-0.05,0.37,-0.50,-0.01,-0.40
-0.29,-0.05,0.36,-0.49,-0.01,-0.42
-0.29,-0.05,0.36,-0.50,-0.00,-0.44
-0.30,-0.05,0.35,-0.51,-0.00,-0.45
-0.30,-0.05,0.34,-0.51,-0.00,-0.45
-0.30,-0.05,0.33,-0.49,-0.01,-0.45
-0.30,-0.05,0.32,-0.47,-0.02,-0.46
-0.30,-0.05,0.31,-0.48,-0.04,-0.45
-0.30,-0.05,0.31,-0.49,-0.05,-0.45
-0.30,-0.04,0.30,-0.50,-0.04,-0.43
-0.30,-0.04,0.29,-0.51,-0.07,-0.45
-0.30,-0.04,0.28,-0.51,-0.09,-0.45
-0.30,-0.05,0.27,-0.52,-0.11,-0.46
-0.30,-0.05,0.26,-0.53,-0.11,-0.45
-0.30,-0.05,0.25,-0.53,-0.11,-0.46
-0.31,-0.05,0.24,-0.55,-0.12,-0.45
-0.31,-0.05,0.23,-0.55,-0.12,-0.45
-0.31,-0.05,0.22,-0.54,-0.13,-0.43
-0.31,-0.05,0.22,-0.54,-0.15,-0.41
-0.31,-0.05,0.21,-0.54,-0.17,-0.39
-0.31,-0.05,0.20,-0.54,-0.18,-0.36
-0.31,-0.05,0.19,-0.55,-0.18,-0.35
-0.31,-0.06,0.19,-0.56,-0.19,-0.33
-0.32,-0.06,0.18,-0.56,-0.21,-0.31
-0.32,-0.06,0.17,-0.55,-0.22,-0.30
-0.32,-0.06,0.16,-0.55,-0.24,-0.28
-0.32,-0.07,0.15,-0.54,-0.25,-0.27
-0.32,-0.07,0.15,-0.55,-0.26,-0.26
-0.32,-0.07,0.14,-0.55,-0.25,-0.27
-0.32,-0.07,0.13,-0.56,-0.25,-0.29
-0.32,-0.08,0.12,-0.56,-0.25,-0.29
-0.32,-0.08,0.12,-0.56,-0.25,-0.29
-0.33,-0.08,0.11,-0.57,-0.25,-0.28
-0.33,-0.08,0.10,-0.57,-0.25,-0.25
-0.33,-0.08,0.10,-0.57,-0.25,-0.22
-0.33,-0.09,0.09,-0.58,-0.25,-0.20
-0.33,-0.09,0.09,-0.58,-0.25,-0.18
-0.33,-0.09,0.08,-0.57,-0.25,-0.16
-0.33,-0.09,0.08,-0.57,-0.25,-0.14
-0.33,-0.09,0.08,-0.58,-0.26,-0.12
-0.33,-0.10,0.07,-0.48,-0.33,0.06
-0.33,-0.10,0.07,-0.47,-0.38,0.07
-0.33,-0.10,0.07,-0.49,-0.39,0.07
-0.33,-0.11,0.07,-0.48,-0.41,0.11
-0.33,-0.11,0.07,-0.48,-0.34,0.11
-0.33,-0.11,0.07,-0.48,-0.36,0.11
-0.33,-0.12,0.08,-0.53,-0.40,0.14
-0.33,-0.12,0.08,-0.54,-0.36,0.13
-0.33,-0.12,0.08,-0.55,-0.37,0.14
-0.33,-0.13,0.09,-0.55,-0.37,0.12
-0.33,-0.13,0.09,-0.56,-0.37,0.12
-0.33,-0.13,0.09,-0.56,-0.37,0.12
-0.33,-0.14,0.10,-0.56,-0.38,0.12
-0.34,-0.14,0.10,-0.57,-0.38,0.12
-0.34,-0.14,0.10,-0.56,-0.38,0.12
-0.34,-0.15,0.10,-0.56,-0.38,0.12
-0.34,-0.15,0.10,-0.56,-0.38,0.12
-0.34,-0.15,0.11,-0.57,-0.38,0.12
-0.34,-0.15,0.11,-0.57,-0.38,0.12
-0.34,-0.16,0.11,-0.57,-0.38,0.12
-0.34,-0.16,0.12,-0.57,-0.39,0.12
-0.34,-0.16,0.12,-0.57,-0.39,0.12
-0.34,-0.16,0.12,-0.57,-0.39,0.12
-0.34,-0.17,0.12,-0.57,-0.39,0.12
-0.34,-0.17,0.12,-0.56,-0.39,0.13
-0.34,-0.17,0.13,-0.56,-0.39,0.13
-0.34,-0.17,0.13,-0.56,-0.39,0.12
-0.35,-0.17,0.13,-0.57,-0.39,0.12
-0.35,-0.18,0.13,-0.57,-0.39,0.12
-0.35,-0.18,0.13,-0.56,-0.39,0.12
-0.35,-0.18,0.12,-0.56,-0.39,0.12
-0.35,-0.18,0.12,-0.56,-0.39,0.11
-0.35,-0.18,0.12,-0.56,-0.39,0.11
-0.35,-0.19,0.12,-0.56,-0.39,0.11
-0.35,-0.19,0.12,-0.56,-0.39,0.11
-0.35,-0.19,0.12,-0.56,-0.39,0.11
-0.35,-0.19,0.12,-0.56,-0.41,0.12
-0.35,-0.19,0.12,-0.58,-0.39,0.09
-0.35,-0.19,0.12,-0.59,-0.39,0.09
-0.35,-0.20,0.12,-0.59,-0.40,0.09
-0.35,-0.20,0.12,-0.59,-0.40,0.10
-0.35,-0.20,0.12,-0.59,-0.41,0.12
-0.35,-0.20,0.12,-0.61,-0.43,0.13
-0.36,-0.20,0.12,-0.62,-0.43,0.14
-0.36,-0.21,0.12,-0.61,-0.44,0.16
-0.36,-0.21,0.12,-0.61,-0.45,0.18
-0.36,-0.21,0.12,-0.61,-0.45,0.20
-0.36,-0.21,0.12,-0.62,-0.45,0.19
-0.36,-0.21,0.12,-0.62,-0.45,0.21
-0.36,-0.22,0.12,-0.62,-0.46,0.25
-0.36,-0.22,0.12,-0.62,-0.46,0.28
-0.36,-0.22,0.13,-0.62,-0.48,0.31
-0.36,-0.22,0.13,-0.62,-0.49,0.35
-0.37,-0.23,0.13,-0.62,-0.51,0.39
-0.37,-0.23,0.14,-0.62,-0.52,0.44
-0.37,-0.23,0.14,-0.62,-0.53,0.49
-0.37,-0.23,0.15,-0.62,-0.53,0.54
-0.37,-0.24,0.16,-0.63,-0.54,0.57
-0.37,-0.24,0.17,-0.64,-0.55,0.61
-0.37,-0.24,0.17,-0.65,-0.55,0.65
-0.37,-0.25,0.18,-0.65,-0.55,0.69
-0.37,-0.25,0.19,-0.65,-0.54,0.74
-0.38,-0.25,0.20,-0.65,-0.53,0.75
-0.38,-0.25,0.21,-0.64,-0.52,0.77
-0.38,-0.26,0.22,-0.66,-0.50,0.78
-0.38,-0.26,0.22,-0.68,-0.48,0.80
-0.38,-0.26,0.23,-0.66,-0.48,0.77
-0.38,-0.26,0.24,-0.63,-0.50,0.75
-0.38,-0.26,0.25,-0.60,-0.51,0.71
-0.38,-0.26,0.26,-0.60,-0.51,0.67
-0.38,-0.27,0.27,-0.61,-0.50,0.65
-0.38,-0.27,0.27,-0.64,-0.48,0.62
-0.38,-0.27,0.28,-0.65,-0.45,0.58
-0.38,-0.27,0.28,-0.64,-0.45,0.54
-0.39,-0.27,0.29,-0.63,-0.46,0.49
-0.39,-0.27,0.29,-0.62,-0.47,0.44
-0.39,-0.27,0.30,-0.63,-0.46,0.42
-0.39,-0.27,0.30,-0.64,-0.44,0.41
-0.39,-0.27,0.30,-0.65,-0.43,0.40
-0.39,-0.27,0.31,-0.65,-0.43,0.40
-0.39,-0.27,0.31,-0.63,-0.43,0.38
-0.39,-0.27,0.32,-0.61,-0.43,0.36
-0.39,-0.27,0.32,-0.61,-0.43,0.35
-0.39,-0.27,0.32,-0.62,-0.43,0.34
-0.39,-0.27,0.32,-0.64,-0.42,0.33
-0.39,-0.27,0.33,-0.65,-0.41,0.32
-0.39,-0.27,0.33,-0.65,-0.41,0.30
-0.39,-0.27,0.33,-0.65,-0.42,0.29
-0.39,-0.27,0.33,-0.65,-0.42,0.27
-0.39,-0.27,0.34,-0.65,-0.42,0.25
-0.40,-0.27,0.34,-0.66,-0.42,0.23
-0.40,-0.27,0.34,-0.66,-0.41,0.21
-0.40,-0.27,0.34,-0.65,-0.41,0.20
-0.40,-0.27,0.34,-0.64,-0.41,0.18
-0.40,-0.27,0.34,-0.64,-0.41,0.16
-0.40,-0.27,0.34,-0.64,-0.41,0.15
-0.40,-0.27,0.34,-0.63,-0.40,0.13
-0.40,-0.27,0.34,-0.63,-0.39,0.10
-0.40,-0.27,0.34,-0.63,-0.38,0.08
-0.40,-0.27,0.34,-0.62,-0.38,0.05
-0.40,-0.27,0.34,-0.61,-0.38,0.02
-0.40,-0.27,0.34,-0.60,-0.38,-0.01
-0.40,-0.27,0.34,-0.60,-0.38,-0.05
-0.40,-0.27,0.33,-0.60,-0.38,-0.10
-0.40,-0.27,0.33,-0.59,-0.37,-0.14
-0.40,-0.27,0.33,-0.59,-0.38,-0.18
-0.40,-0.27,0.32,-0.58,-0.38,-0.22
-0.40,-0.27,0.31,-0.57,-0.38,-0.26
-0.40,-0.26,0.30,-0.55,-0.38,-0.29
-0.39,-0.26,0.30,-0.54,-0.38,-0.32
-0.39,-0.26,0.29,-0.53,-0.38,-0.35
-0.39,-0.26,0.28,-0.52,-0.38,-0.38
-0.39,-0.26,0.27,-0.52,-0.39,-0.40
-0.39,-0.26,0.26,-0.52,-0.39,-0.43
-0.39,-0.26,0.25,-0.51,-0.39,-0.46
-0.39,-0.26,0.24,-0.51,-0.39,-0.50
-0.38,-0.26,0.23,-0.51,-0.38,-0.53
-0.38,-0.26,0.22,-0.51,-0.37,-0.55
-0.38,-0.26,0.21,-0.51,-0.35,-0.57
-0.38,-0.26,0.20,-0.51,-0.34,-0.59
-0.38,-0.26,0.18,-0.51,-0.33,-0.60
-0.38,-0.26,0.17,-0.51,-0.33,-0.62
-0.38,-0.26,0.16,-0.50,-0.32,-0.63
-0.38,-0.25,0.14,-0.50,-0.32,-0.64
-0.37,-0.25,0.13,-0.51,-0.32,-0.66
-0.37,-0.25,0.12,-0.52,-0.31,-0.68
-0.37,-0.25,0.11,-0.53,-0.29,-0.68
-0.37,-0.25,0.09,-0.53,-0.27,-0.68
-0.37,-0.25,0.08,-0.53,-0.27,-0.68
-0.37,-0.24,0.07,-0.54,-0.27,-0.66
-0.37,-0.24,0.06,-0.55,-0.28,-0.65
-0.37,-0.24,0.04,-0.55,-0.28,-0.63
-0.37,-0.24,0.03,-0.58,-0.32,-0.61
-0.37,-0.24,0.02,-0.60,-0.34,-0.58
-0.37,-0.24,0.01,-0.59,-0.36,-0.56
-0.37,-0.24,0.01,-0.59,-0.37,-0.53
-0.37,-0.24,-0.00,-0.60,-0.37,-0.50
-0.37,-0.24,-0.01,-0.61,-0.38,-0.46
-0.37,-0.24,-0.02,-0.62,-0.39,-0.42
-0.37,-0.24,-0.03,-0.64,-0.40,-0.39
-0.37,-0.24,-0.03,-0.64,-0.41,-0.34
-0.37,-0.24,-0.04,-0.65,-0.42,-0.30
-0.38,-0.24,-0.05,-0.65,-0.43,-0.26
-0.38,-0.24,-0.05,-0.64,-0.43,-0.23
-0.38,-0.24,-0.05,-0.66,-0.44,-0.19
-0.38,-0.25,-0.06,-0.67,-0.44,-0.15
-0.38,-0.25,-0.06,-0.68,-0.43,-0.11
-0.38,-0.25,-0.06,-0.70,-0.43,-0.09
-0.38,-0.25,-0.06,-0.73,-0.43,-0.06
-0.39,-0.25,-0.06,-0.79,-0.41,-0.05
-0.39,-0.25,-0.06,-0.85,-0.39,-0.04
-0.40,-0.25,-0.06,-0.93,-0.35,-0.04
-0.40,-0.25,-0.05,-1.02,-0.31,-0.04
-0.41,-0.25,-0.05,-1.11,-0.27,-0.05
-0.42,-0.24,-0.05,-1.20,-0.22,-0.06
-0.43,-0.24,-0.05,-1.28,-0.18,-0.07
-0.44,-0.24,-0.05,-1.36,-0.14,-0.07
-0.45,-0.23,-0.05,-1.43,-0.09,-0.08
-0.47,-0.23,-0.05,-1.50,-0.04,-0.10
-0.48,-0.22,-0.05,-1.55,0.01,-0.10
-0.49,-0.22,-0.06,-1.56,0.04,-0.10
-0.51,-0.21,-0.06,-1.56,0.05,-0.11
-0.52,-0.20,-0.06,-1.54,0.06,-0.11
-0.53,-0.20,-0.06,-1.53,0.08,-0.12
-0.54,-0.19,-0.07,-1.50,0.10,-0.12
-0.56,-0.18,-0.07,-1.46,0.10,-0.11
-0.57,-0.18,-0.07,-1.40,0.07,-0.10
-0.57,-0.17,-0.07,-1.32,0.03,-0.11
-0.58,-0.17,-0.07,-1.24,-0.01,-0.10
-0.59,-0.16,-0.07,-1.15,-0.07,-0.09
-0.59,-0.16,-0.07,-1.05,-0.15,-0.08
-0.59,-0.16,-0.07,-0.94,-0.24,-0.08
-0.59,-0.16,-0.07,-0.82,-0.34,-0.07
-0.59,-0.16,-0.08,-0.70,-0.45,-0.06
-0.58,-0.17,-0.08,-0.58,-0.56,-0.05
-0.58,-0.17,-0.08,-0.45,-0.67,-0.05
-0.57,-0.18,-0.08,-0.32,-0.77,-0.06
-0.56,-0.19,-0.08,-0.20,-0.86,-0.07
-0.54,-0.20,-0.08,-0.09,-0.93,-0.07
-0.53,-0.21,-0.08,0.02,-0.99,-0.07
-0.52,-0.22,-0.08,0.13,-1.03,-0.07
-0.50,-0.24,-0.08,0.23,-1.07,-0.08
-0.48,-0.25,-0.08,0.32,-1.10,-0.08
-0.46,-0.26,-0.08,0.40,-1.12,-0.07
-0.44,-0.27,-0.08,0.47,-1.11,-0.06
-0.42,-0.28,-0.08,0.52,-1.10,-0.05
-0.40,-0.30,-0.08,0.56,-1.08,-0.04
-0.38,-0.31,-0.08,0.57,-1.05,-0.04
-0.36,-0.32,-0.08,0.55,-1.01,-0.06
-0.34,-0.32,-0.08,0.51,-0.97,-0.08
-0.33,-0.33,-0.08,0.46,-0.92,-0.11
-0.31,-0.34,-0.08,0.38,-0.87,-0.14
-0.30,-0.34,-0.08,0.28,-0.82,-0.17
-0.28,-0.35,-0.08,0.17,-0.77,-0.19
-0.28,-0.35,-0.08,0.06,-0.73,-0.21
-0.27,-0.35,-0.08,-0.07,-0.70,-0.23
-0.26,-0.36,-0.08,-0.21,-0.66,-0.23
-0.26,-0.36,-0.08,-0.37,-0.63,-0.24
-0.26,-0.36,-0.08,-0.53,-0.59,-0.23
-0.27,-0.36,-0.09,-0.69,-0.56,-0.23
-0.27,-0.36,-0.09,-0.86,-0.52,-0.23
-0.28,-0.36,-0.09,-1.03,-0.48,-0.24
-0.29,-0.36,-0.09,-1.20,-0.44,-0.24
-0.31,-0.35,-0.09,-1.35,-0.41,-0.24
-0.32,-0.35,-0.09,-1.47,-0.37,-0.25
-0.34,-0.35,-0.09,-1.59,-0.32,-0.26
-0.36,-0.34,-0.09,-1.70,-0.23,-0.27
-0.38,-0.34,-0.10,-1.78,-0.19,-0.26
-0.40,-0.33,-0.10,-1.85,-0.13,-0.28
-0.42,-0.33,-0.10,-1.90,-0.07,-0.29
-0.44,-0.32,-0.11,-1.92,-0.01,-0.28
-0.46,-0.31,-0.11,-1.91,0.04,-0.28
-0.48,-0.30,-0.11,-1.89,0.09,-0.28
-0.50,-0.29,-0.11,-1.86,0.13,-0.26
-0.52,-0.28,-0.11,-1.80,0.16,-0.24
-0.54,-0.27,-0.12,-1.73,0.19,-0.23
-0.55,-0.26,-0.12,-1.64,0.19,-0.22
-0.57,-0.25,-0.12,-1.55,0.18,-0.22
-0.58,-0.24,-0.12,-1.45,0.16,-0.20
-0.58,-0.23,-0.13,-1.35,0.11,-0.19
-0.59,-0.22,-0.13,-1.25,0.04,-0.17
-0.60,-0.22,-0.13,-1.14,-0.03,-0.15
-0.60,-0.21,-0.13,-1.03,-0.12,-0.13
-0.60,-0.21,-0.13,-0.91,-0.23,-0.11
-0.60,-0.21,-0.13,-0.79,-0.35,-0.10
-0.60,-0.21,-0.13,-0.67,-0.47,-0.10
-0.59,-0.21,-0.13,-0.54,-0.60,-0.10
-0.58,-0.22,-0.13,-0.41,-0.73,-0.10
-0.57,-0.23,-0.13,-0.28,-0.85,-0.10
-0.56,-0.24,-0.13,-0.15,-0.97,-0.11
-0.55,-0.25,-0.13,-0.01,-1.07,-0.12
-0.53,-0.26,-0.13,0.11,-1.16,-0.14
-0.52,-0.27,-0.13,0.22,-1.22,-0.16
-0.50,-0.29,-0.13,0.33,-1.27,-0.18
-0.48,-0.30,-0.13,0.43,-1.32,-0.19
-0.46,-0.32,-0.13,0.52,-1.35,-0.20
-0.44,-0.33,-0.13,0.60,-1.36,-0.21
-0.41,-0.35,-0.14,0.67,-1.34,-0.20
-0.39,-0.36,-0.14,0.72,-1.31,-0.19
-0.37,-0.37,-0.14,0.74,-1.26,-0.18
-0.35,-0.38,-0.14,0.75,-1.22,-0.16
-0.32,-0.39,-0.14,0.73,-1.17,-0.15
-0.30,-0.40,-0.14,0.69,-1.11,-0.15
-0.28,-0.41,-0.14,0.63,-1.05,-0.16
-0.27,-0.42,-0.14,0.54,-1.00,-0.17
-0.25,-0.42,-0.14,0.43,-0.95,-0.18
-0.24,-0.43,-0.14,0.30,-0.90,-0.20
-0.23,-0.43,-0.14,0.16,-0.85,-0.21
-0.22,-0.43,-0.14,0.01,-0.81,-0.22
-0.22,-0.44,-0.15,-0.15,-0.78,-0.22
-0.21,-0.44,-0.15,-0.32,-0.75,-0.23
-0.22,-0.44,-0.15,-0.50,-0.72,-0.24
-0.22,-0.44,-0.15,-0.69,-0.70,-0.25
-0.23,-0.44,-0.15,-0.90,-0.66,-0.27
-0.24,-0.44,-0.16,-1.12,-0.62,-0.29
-0.25,-0.44,-0.16,-1.31,-0.57,-0.30
-0.27,-0.44,-0.16,-1.50,-0.53,-0.32
-0.29,-0.43,-0.17,-1.66,-0.48,-0.33
-0.31,-0.43,-0.17,-1.80,-0.42,-0.35
-0.34,-0.42,-0.17,-1.91,-0.35,-0.36
-0.36,-0.42,-0.18,-1.99,-0.27,-0.38
-0.39,-0.41,-0.19,-2.04,-0.21,-0.39
-0.41,-0.40,-0.19,-2.06,-0.14,-0.38
-0.43,-0.39,-0.20,-2.06,-0.08,-0.38
-0.46,-0.39,-0.20,-2.05,-0.01,-0.39
-0.48,-0.37,-0.21,-2.01,0.07,-0.40
-0.50,-0.36,-0.21,-1.95,0.12,-0.39
-0.52,-0.35,-0.22,-1.85,0.14,-0.38
-0.54,-0.34,-0.22,-1.77,0.09,-0.36
-0.55,-0.33,-0.23,-1.65,0.07,-0.36
-0.57,-0.32,-0.23,-1.52,0.02,-0.33
-0.58,-0.31,-0.24,-1.40,-0.06,-0.31
-0.58,-0.31,-0.24,-1.26,-0.16,-0.30
-0.59,-0.30,-0.24,-1.13,-0.28,-0.28
-0.59,-0.30,-0.25,-1.00,-0.41,-0.26
-0.59,-0.30,-0.25,-0.84,-0.55,-0.22
-0.59,-0.30,-0.25,-0.71,-0.72,-0.19
-0.58,-0.31,-0.25,-0.56,-0.89,-0.15
-0.58,-0.32,-0.25,-0.42,-1.06,-0.11
-0.57,-0.33,-0.25,-0.28,-1.21,-0.08
-0.56,-0.34,-0.25,-0.14,-1.34,-0.05
-0.54,-0.36,-0.25,0.00,-1.46,-0.04
-0.53,-0.37,-0.25,0.14,-1.54,-0.04
-0.51,-0.39,-0.25,0.27,-1.61,-0.05
-0.49,-0.41,-0.25,0.40,-1.65,-0.06
-0.47,-0.42,-0.25,0.51,-1.67,-0.08
-0.45,-0.44,-0.24,0.60,-1.67,-0.10
-0.43,-0.46,-0.24,0.66,-1.64,-0.12
-0.40,-0.47,-0.24,0.67,-1.59,-0.13
-0.38,-0.49,-0.24,0.64,-1.51,-0.16
-0.36,-0.50,-0.24,0.55,-1.40,-0.20
-0.34,-0.51,-0.24,0.40,-1.29,-0.23
-0.33,-0.52,-0.24,0.23,-1.17,-0.23
-0.32,-0.52,-0.24,0.03,-1.05,-0.22
-0.31,-0.53,-0.24,-0.14,-0.95,-0.22
-0.31,-0.53,-0.24,-0.27,-0.86,-0.20
-0.30,-0.53,-0.24,-0.37,-0.83,-0.20
-0.30,-0.53,-0.24,-0.46,-0.82,-0.21
-0.30,-0.53,-0.24,-0.52,-0.81,-0.22
-0.30,-0.53,-0.24,-0.58,-0.81,-0.24
-0.31,-0.53,-0.24,-0.62,-0.82,-0.25
-0.31,-0.53,-0.24,-0.67,-0.84,-0.26
-0.31,-0.53,-0.24,-0.71,-0.87,-0.28
-0.32,-0.53,-0.24,-0.76,-0.92,-0.29
-0.32,-0.53,-0.24,-0.84,-0.98,-0.27
-0.33,-0.54,-0.24,-0.92,-1.04,-0.26
-0.34,-0.54,-0.24,-1.00,-1.10,-0.25
-0.35,-0.54,-0.24,-1.06,-1.18,-0.25
-0.35,-0.55,-0.24,-1.11,-1.26,-0.24
-0.36,-0.56,-0.24,-1.16,-1.35,-0.21
-0.38,-0.57,-0.24,-1.18,-1.44,-0.19
-0.39,-0.58,-0.23,-1.18,-1.52,-0.17
-0.40,-0.59,-0.23,-1.19,-1.60,-0.16
-0.41,-0.60,-0.23,-1.19,-1.66,-0.17
-0.42,-0.61,-0.23,-1.19,-1.69,-0.16
-0.42,-0.63,-0.23,-1.20,-1.66,-0.16
-0.43,-0.64,-0.23,-1.19,-1.61,-0.18
-0.44,-0.65,-0.23,-1.17,-1.59,-0.18
-0.45,-0.66,-0.23,-1.14,-1.56,-0.22
-0.46,-0.67,-0.23,-1.10,-1.52,-0.25
-0.46,-0.68,-0.23,-1.05,-1.47,-0.27
-0.47,-0.68,-0.24,-1.01,-1.41,-0.27
-0.47,-0.69,-0.24,-0.94,-1.33,-0.30
-0.48,-0.69,-0.24,-0.88,-1.28,-0.31
-0.48,-0.69,-0.24,-0.82,-1.18,-0.33
-0.48,-0.70,-0.25,-0.73,-1.10,-0.30
-0.48,-0.70,-0.25,-0.68,-0.99,-0.26
-0.48,-0.69,-0.25,-0.63,-0.87,-0.23
-0.47,-0.69,-0.26,-0.56,-0.75,-0.19
-0.47,-0.68,-0.26,-0.51,-0.66,-0.14
-0.47,-0.67,-0.26,-0.46,-0.56,-0.12
-0.46,-0.67,-0.26,-0.40,-0.46,-0.10
-0.46,-0.66,-0.25,-0.34,-0.37,-0.09
-0.45,-0.64,-0.25,-0.30,-0.30,-0.08
-0.44,-0.63,-0.25,-0.25,-0.23,-0.07
-0.44,-0.62,-0.25,-0.22,-0.16,-0.06
-0.43,-0.60,-0.25,-0.18,-0.09,-0.06
-0.42,-0.59,-0.24,-0.16,-0.05,-0.06
-0.41,-0.57,-0.24,-0.16,-0.01,-0.08
-0.40,-0.56,-0.24,-0.16,0.01,-0.11
-0.39,-0.54,-0.24,-0.17,0.03,-0.13
-0.39,-0.53,-0.24,-0.17,0.04,-0.15
-0.38,-0.51,-0.24,-0.20,0.04,-0.15
-0.37,-0.50,-0.25,-0.25,0.01,-0.16
-0.37,-0.49,-0.25,-0.30,-0.03,-0.17
-0.36,-0.48,-0.25,-0.35,-0.09,-0.19
-0.36,-0.46,-0.25,-0.40,-0.13,-0.21
-0.36,-0.45,-0.25,-0.46,-0.18,-0.22
-0.36,-0.45,-0.25,-0.53,-0.25,-0.23
-0.36,-0.44,-0.25,-0.60,-0.35,-0.24
-0.36,-0.44,-0.26,-0.67,-0.48,-0.26
-0.36,-0.43,-0.26,-0.73,-0.63,-0.26
-0.37,-0.43,-0.26,-0.79,-0.78,-0.26
-0.37,-0.44,-0.26,-0.88,-0.97,-0.25
-0.38,-0.44,-0.27,-0.95,-1.11,-0.27
-0.38,-0.45,-0.27,-1.01,-1.27,-0.25
-0.39,-0.46,-0.27,-1.06,-1.41,-0.26
-0.40,-0.48,-0.27,-1.11,-1.53,-0.27
-0.41,-0.49,-0.27,-1.17,-1.64,-0.27
-0.42,-0.51,-0.28,-1.23,-1.74,-0.27
-0.43,-0.52,-0.28,-1.28,-1.83,-0.27
-0.44,-0.54,-0.28,-1.32,-1.90,-0.26
-0.45,-0.56,-0.29,-1.36,-1.97,-0.27
-0.46,-0.58,-0.29,-1.40,-2.03,-0.27
-0.47,-0.60,-0.29,-1.42,-2.08,-0.26
-0.49,-0.62,-0.29,-1.44,-2.11,-0.26
-0.50,-0.64,-0.30,-1.46,-2.13,-0.27
-0.51,-0.66,-0.30,-1.47,-2.14,-0.29
-0.52,-0.68,-0.30,-1.48,-2.15,-0.31
-0.53,-0.70,-0.30,-1.46,-2.18,-0.31
-0.54,-0.72,-0.31,-1.50,-2.19,-0.40
-0.55,-0.73,-0.31,-1.48,-2.12,-0.41
-0.57,-0.75,-0.31,-1.48,-2.04,-0.46
-0.58,-0.77,-0.32,-1.43,-1.96,-0.51
-0.58,-0.78,-0.33,-1.36,-1.88,-0.54
-0.59,-0.79,-0.33,-1.29,-1.79,-0.54
-0.60,-0.80,-0.34,-1.22,-1.69,-0.57
-0.60,-0.80,-0.35,-1.17,-1.61,-0.58
-0.61,-0.81,-0.36,-1.13,-1.50,-0.57
-0.61,-0.81,-0.37,-1.07,-1.36,-0.58
-0.61,-0.81,-0.37,-1.00,-1.24,-0.51
-0.61,-0.81,-0.38,-0.93,-1.09,-0.38
-0.61,-0.81,-0.38,-0.88,-0.96,-0.26
-0.61,-0.80,-0.39,-0.82,-0.84,-0.17
-0.61,-0.79,-0.39,-0.76,-0.73,-0.12
-0.60,-0.78,-0.39,-0.68,-0.62,-0.10
-0.60,-0.77,-0.38,-0.61,-0.53,-0.10
-0.59,-0.76,-0.38,-0.54,-0.43,-0.10
-0.58,-0.75,-0.38,-0.49,-0.35,-0.09
-0.58,-0.73,-0.37,-0.44,-0.29,-0.08
-0.57,-0.72,-0.37,-0.38,-0.24,-0.10
-0.56,-0.70,-0.37,-0.33,-0.19,-0.13
-0.55,-0.69,-0.36,-0.29,-0.15,-0.17
-0.54,-0.67,-0.36,-0.28,-0.10,-0.19
-0.53,-0.66,-0.36,-0.30,-0.08,-0.19
-0.52,-0.64,-0.36,-0.30,-0.08,-0.21
-0.51,-0.62,-0.36,-0.30,-0.09,-0.24
-0.51,-0.61,-0.36,-0.33,-0.10,-0.29
-0.50,-0.60,-0.36,-0.38,-0.10,-0.33
-0.49,-0.58,-0.36,-0.45,-0.13,-0.37
-0.49,-0.57,-0.36,-0.54,-0.18,-0.40
-0.48,-0.56,-0.36,-0.62,-0.25,-0.43
-0.48,-0.55,-0.36,-0.68,-0.32,-0.46
-0.48,-0.54,-0.37,-0.75,-0.39,-0.46
-0.48,-0.53,-0.37,-0.82,-0.47,-0.47
-0.48,-0.53,-0.37,-0.88,-0.60,-0.48
-0.49,-0.53,-0.38,-0.94,-0.77,-0.51
-0.49,-0.53,-0.38,-1.01,-0.93,-0.54
-0.50,-0.53,-0.38,-1.06,-1.11,-0.54
-0.50,-0.54,-0.39,-1.10,-1.27,-0.55
-0.51,-0.54,-0.39,-1.15,-1.43,-0.53
-0.51,-0.56,-0.40,-1.21,-1.56,-0.48
-0.52,-0.57,-0.40,-1.26,-1.67,-0.43
-0.53,-0.58,-0.41,-1.31,-1.76,-0.39
-0.54,-0.60,-0.41,-1.36,-1.84,-0.36
-0.55,-0.61,-0.41,-1.40,-1.92,-0.36
-0.56,-0.63,-0.42,-1.44,-1.99,-0.36
-0.57,-0.65,-0.42,-1.47,-2.06,-0.36
-0.58,-0.67,-0.42,-1.52,-2.12,-0.36
-0.59,-0.69,-0.42,-1.54,-2.18,-0.35
-0.60,-0.71,-0.42,-1.56,-2.23,-0.35
-0.61,-0.73,-0.42,-1.58,-2.28,-0.36
-0.62,-0.75,-0.43,-1.57,-2.31,-0.39
-0.63,-0.77,-0.43,-1.58,-2.32,-0.43
-0.64,-0.79,-0.43,-1.58,-2.30,-0.46
-0.65,-0.80,-0.44,-1.61,-2.27,-0.50
-0.66,-0.82,-0.44,-1.62,-2.31,-0.58
-0.67,-0.84,-0.45,-1.58,-2.34,-0.61
-0.68,-0.86,-0.45,-1.55,-2.30,-0.66
-0.69,-0.87,-0.46,-1.52,-2.20,-0.71
-0.70,-0.89,-0.47,-1.47,-2.06,-0.75
-0.70,-0.90,-0.47,-1.41,-1.93,-0.78
-0.71,-0.91,-0.48,-1.35,-1.85,-0.77
-0.71,-0.91,-0.49,-1.29,-1.76,-0.80
-0.72,-0.92,-0.50,-1.21,-1.63,-0.83
-0.72,-0.92,-0.51,-1.12,-1.40,-0.80
-0.72,-0.92,-0.51,-1.06,-1.27,-0.65
-0.72,-0.91,-0.52,-1.03,-1.14,-0.52
-0.71,-0.91,-0.52,-0.98,-1.03,-0.40
-0.71,-0.90,-0.52,-0.91,-0.93,-0.30
-0.71,-0.89,-0.52,-0.85,-0.81,-0.24
-0.70,-0.88,-0.52,-0.78,-0.70,-0.21
-0.70,-0.87,-0.52,-0.70,-0.60,-0.19
-0.69,-0.86,-0.52,-0.63,-0.51,-0.19
-0.68,-0.84,-0.52,-0.55,-0.43,-0.20
-0.67,-0.83,-0.51,-0.49,-0.37,-0.22
-0.66,-0.81,-0.51,-0.45,-0.30,-0.25
-0.65,-0.79,-0.51,-0.42,-0.25,-0.30
-0.64,-0.78,-0.51,-0.39,-0.21,-0.34
-0.63,-0.76,-0.52,-0.40,-0.20,-0.35
-0.62,-0.74,-0.51,-0.41,-0.18,-0.36
-0.61,-0.73,-0.51,-0.42,-0.17,-0.36
-0.60,-0.71,-0.51,-0.41,-0.16,-0.39
-0.60,-0.69,-0.52,-0.43,-0.16,-0.42
-0.59,-0.68,-0.52,-0.47,-0.19,-0.43
-0.58,-0.66,-0.52,-0.53,-0.24,-0.45
-0.57,-0.65,-0.52,-0.59,-0.30,-0.49
-0.57,-0.64,-0.52,-0.67,-0.35,-0.52
-0.57,-0.63,-0.53,-0.75,-0.42,-0.52
-0.57,-0.62,-0.53,-0.81,-0.50,-0.52
-0.56,-0.61,-0.53,-0.86,-0.61,-0.53
-0.57,-0.61,-0.54,-0.91,-0.75,-0.53
-0.57,-0.61,-0.54,-0.98,-0.88,-0.53
-0.57,-0.61,-0.54,-1.05,-1.03,-0.53
-0.57,-0.61,-0.54,-1.13,-1.16,-0.51
-0.58,-0.62,-0.55,-1.21,-1.31,-0.49
-0.58,-0.62,-0.55,-1.29,-1.44,-0.47
-0.59,-0.63,-0.55,-1.35,-1.58,-0.44
-0.60,-0.64,-0.55,-1.40,-1.69,-0.41
-0.61,-0.66,-0.55,-1.45,-1.79,-0.40
-0.62,-0.67,-0.55,-1.49,-1.88,-0.39
-0.63,-0.68,-0.55,-1.53,-1.96,-0.40
-0.64,-0.70,-0.55,-1.57,-2.03,-0.41
-0.65,-0.72,-0.55,-1.61,-2.08,-0.40
-0.66,-0.73,-0.55,-1.64,-2.12,-0.38
-0.67,-0.75,-0.55,-1.65,-2.16,-0.38
-0.68,-0.77,-0.55,-1.65,-2.18,-0.41
-0.69,-0.79,-0.55,-1.66,-2.19,-0.44
-0.70,-0.80,-0.56,-1.66,-2.20,-0.46
-0.71,-0.82,-0.56,-1.65,-2.19,-0.49
-0.72,-0.83,-0.56,-1.67,-2.13,-0.54
-0.73,-0.85,-0.56,-1.67,-2.05,-0.57
-0.74,-0.86,-0.56,-1.63,-2.03,-0.58
-0.74,-0.87,-0.56,-1.59,-2.00,-0.65
-0.75,-0.88,-0.57,-1.53,-1.97,-0.69
-0.76,-0.89,-0.58,-1.53,-1.96,-0.70
-0.76,-0.90,-0.58,-1.50,-1.85,-0.74
-0.77,-0.91,-0.59,-1.44,-1.78,-0.75
-0.77,-0.91,-0.60,-1.38,-1.68,-0.79
-0.77,-0.92,-0.61,-1.31,-1.59,-0.80
-0.78,-0.92,-0.61,-1.25,-1.50,-0.77
-0.78,-0.92,-0.62,-1.19,-1.40,-0.72
-0.78,-0.92,-0.63,-1.13,-1.30,-0.64
-0.77,-0.92,-0.64,-1.09,-1.21,-0.56
-0.77,-0.91,-0.64,-1.04,-1.13,-0.49
-0.77,-0.91,-0.64,-1.00,-1.04,-0.41
-0.77,-0.90,-0.64,-0.94,-0.97,-0.35
-0.76,-0.89,-0.64,-0.89,-0.90,-0.31
-0.76,-0.88,-0.64,-0.82,-0.83,-0.29
-0.75,-0.87,-0.64,-0.76,-0.76,-0.28
-0.74,-0.86,-0.64,-0.72,-0.68,-0.28
-0.73,-0.85,-0.63,-0.67,-0.61,-0.29
-0.73,-0.84,-0.63,-0.63,-0.56,-0.31
-0.72,-0.83,-0.63,-0.60,-0.52,-0.36
-0.71,-0.81,-0.63,-0.60,-0.49,-0.41
-0.70,-0.80,-0.64,-0.62,-0.48,-0.44
-0.69,-0.79,-0.64,-0.61,-0.47,-0.47
-0.68,-0.77,-0.64,-0.59,-0.47,-0.48
-0.68,-0.76,-0.64,-0.60,-0.51,-0.48
-0.67,-0.75,-0.64,-0.67,-0.58,-0.48
-0.66,-0.74,-0.64,-0.71,-0.64,-0.47
-0.66,-0.73,-0.64,-0.74,-0.70,-0.44
-0.65,-0.73,-0.65,-0.77,-0.75,-0.41
-0.65,-0.72,-0.65,-0.82,-0.81,-0.39
-0.65,-0.72,-0.65,-0.87,-0.87,-0.38
-0.65,-0.71,-0.65,-0.93,-0.94,-0.38
-0.65,-0.71,-0.65,-0.98,-1.00,-0.40
-0.65,-0.71,-0.65,-1.03,-1.07,-0.40
-0.65,-0.71,-0.65,-1.08,-1.14,-0.41
-0.65,-0.71,-0.65,-1.12,-1.19,-0.42
-0.65,-0.71,-0.65,-1.15,-1.26,-0.44
-0.65,-0.72,-0.65,-1.17,-1.31,-0.48
-0.66,-0.72,-0.65,-1.18,-1.36,-0.51
-0.66,-0.73,-0.65,-1.19,-1.40,-0.54
-0.66,-0.73,-0.65,-1.20,-1.42,-0.58
-0.66,-0.74,-0.66,-1.21,-1.44,-0.63
-0.67,-0.74,-0.66,-1.21,-1.45,-0.67
-0.67,-0.75,-0.66,-1.21,-1.45,-0.72
-0.67,-0.75,-0.67,-1.21,-1.45,-0.76
-0.68,-0.76,-0.67,-1.21,-1.44,-0.81
-0.68,-0.76,-0.67,-1.21,-1.43,-0.86
-0.68,-0.76,-0.68,-1.22,-1.42,-0.89
-0.69,-0.77,-0.68,-1.23,-1.41,-0.91
-0.69,-0.77,-0.69,-1.20,-1.40,-0.93
-0.69,-0.78,-0.70,-1.18,-1.40,-0.94
-0.69,-0.78,-0.70,-1.17,-1.39,-0.93
-0.69,-0.78,-0.71,-1.16,-1.39,-0.92
-0.70,-0.79,-0.72,-1.13,-1.38,-0.89
-0.70,-0.79,-0.72,-1.12,-1.37,-0.87
-0.70,-0.79,-0.73,-1.11,-1.36,-0.84
-0.70,-0.79,-0.73,-1.11,-1.35,-0.81
-0.70,-0.80,-0.74,-1.12,-1.33,-0.79
-0.70,-0.80,-0.74,-1.12,-1.33,-0.76
-0.70,-0.80,-0.74,-1.13,-1.33,-0.72
-0.70,-0.80,-0.75,-1.20,-1.34,-0.71
-0.70,-0.80,-0.75,-1.01,-1.15,-0.81
-0.70,-0.80,-0.75,-1.00,-1.19,-0.69
-0.70,-0.80,-0.76,-0.97,-1.17,-0.65
-0.70,-0.80,-0.76,-0.97,-1.16,-0.66
-0.69,-0.80,-0.76,-0.93,-1.22,-0.59
-0.69,-0.80,-0.76,-0.93,-1.25,-0.56
-0.69,-0.80,-0.76,-0.94,-1.25,-0.58
-0.69,-0.80,-0.77,-0.94,-1.24,-0.60
-0.69,-0.80,-0.77,-0.93,-1.26,-0.60
-0.68,-0.80,-0.77,-0.93,-1.24,-0.61
-0.68,-0.80,-0.77,-0.94,-1.24,-0.63
-0.68,-0.80,-0.78,-0.94,-1.31,-0.62
-0.68,-0.80,-0.78,-0.93,-1.30,-0.62
-0.68,-0.80,-0.78,-0.93,-1.29,-0.62
-0.67,-0.80,-0.78,-0.93,-1.29,-0.61
-0.67,-0.80,-0.79,-0.93,-1.29,-0.62
-0.67,-0.80,-0.79,-0.93,-1.29,-0.61
-0.67,-0.80,-0.79,-0.92,-1.32,-0.58
-0.67,-0.81,-0.79,-0.92,-1.34,-0.58
-0.66,-0.81,-0.80,-0.93,-1.33,-0.59
-0.66,-0.81,-0.80,-0.92,-1.35,-0.58
-0.66,-0.81,-0.80,-0.92,-1.35,-0.58
-0.66,-0.81,-0.80,-0.92,-1.36,-0.58
-0.66,-0.81,-0.80,-0.91,-1.36,-0.58
-0.66,-0.82,-0.80,-0.91,-1.37,-0.57
-0.65,-0.82,-0.80,-0.91,-1.37,-0.57
-0.65,-0.82,-0.80,-0.90,-1.37,-0.57
-0.65,-0.82,-0.80,-0.90,-1.38,-0.57
-0.65,-0.82,-0.80,-0.90,-1.38,-0.56
-0.65,-0.83,-0.80,-0.89,-1.38,-0.56
-0.64,-0.83,-0.80,-0.89,-1.39,-0.56
-0.64,-0.83,-0.80,-0.89,-1.39,-0.55
-0.64,-0.83,-0.81,-0.89,-1.40,-0.55
-0.64,-0.83,-0.81,-0.89,-1.40,-0.55
-0.64,-0.84,-0.81,-0.89,-1.40,-0.55
-0.64,-0.84,-0.81,-0.90,-1.42,-0.55
-0.63,-0.84,-0.81,-0.88,-1.43,-0.53
-0.63,-0.84,-0.81,-0.87,-1.43,-0.53
-0.63,-0.84,-0.81,-0.85,-1.43,-0.51
-0.63,-0.85,-0.81,-0.86,-1.36,-0.53
-0.63,-0.85,-0.81,-0.87,-1.32,-0.53
-0.62,-0.85,-0.81,-0.89,-1.26,-0.52
-0.62,-0.84,-0.81,-0.90,-1.21,-0.47
-0.62,-0.84,-0.81,-0.93,-1.15,-0.42
-0.62,-0.84,-0.81,-0.97,-1.10,-0.37
-0.62,-0.84,-0.81,-1.03,-1.06,-0.32
-0.63,-0.83,-0.80,-1.09,-1.01,-0.30
-0.63,-0.83,-0.80,-1.17,-0.99,-0.28
-0.63,-0.82,-0.79,-1.27,-0.98,-0.27
-0.64,-0.82,-0.79,-1.36,-1.01,-0.25
-0.64,-0.81,-0.78,-1.43,-1.04,-0.24
-0.65,-0.81,-0.78,-1.49,-1.10,-0.23
-0.66,-0.81,-0.77,-1.53,-1.16,-0.21
-0.67,-0.81,-0.77,-1.55,-1.22,-0.19
-0.68,-0.81,-0.76,-1.56,-1.31,-0.18
-0.69,-0.81,-0.75,-1.56,-1.43,-0.17
-0.70,-0.81,-0.75,-1.53,-1.55,-0.16
-0.70,-0.82,-0.74,-1.49,-1.67,-0.15
-0.71,-0.83,-0.74,-1.44,-1.79,-0.15
-0.72,-0.84,-0.73,-1.40,-1.88,-0.16
-0.72,-0.85,-0.73,-1.33,-1.97,-0.18
-0.72,-0.86,-0.72,-1.26,-2.07,-0.21
-0.72,-0.87,-0.72,-1.17,-2.18,-0.24
-0.72,-0.89,-0.71,-1.07,-2.26,-0.26
-0.72,-0.90,-0.71,-0.96,-2.30,-0.28
-0.72,-0.92,-0.71,-0.79,-2.25,-0.33
-0.71,-0.93,-0.70,-0.67,-2.22,-0.32
-0.70,-0.95,-0.70,-0.54,-2.19,-0.40
-0.69,-0.96,-0.70,-0.43,-2.13,-0.47
-0.68,-0.97,-0.70,-0.37,-2.08,-0.48
-0.67,-0.98,-0.69,-0.31,-1.96,-0.49
-0.66,-0.98,-0.69,-0.24,-1.85,-0.48
-0.64,-0.99,-0.69,-0.15,-1.77,-0.50
-0.63,-0.99,-0.68,-0.08,-1.70,-0.53
-0.61,-0.99,-0.68,-0.03,-1.60,-0.53
-0.60,-0.99,-0.67,-0.01,-1.48,-0.51
-0.58,-0.99,-0.67,-0.01,-1.36,-0.50
-0.57,-0.99,-0.67,-0.02,-1.26,-0.51
-0.55,-0.98,-0.66,-0.04,-1.17,-0.55
-0.54,-0.98,-0.66,-0.08,-1.09,-0.60
-0.53,-0.97,-0.66,-0.13,-1.00,-0.64
-0.51,-0.96,-0.66,-0.20,-0.92,-0.65
-0.51,-0.95,-0.65,-0.29,-0.84,-0.65
-0.50,-0.94,-0.65,-0.38,-0.78,-0.67
-0.49,-0.93,-0.65,-0.47,-0.74,-0.68
-0.49,-0.91,-0.65,-0.56,-0.69,-0.68
-0.48,-0.90,-0.65,-0.66,-0.66,-0.65
-0.48,-0.89,-0.65,-0.77,-0.64,-0.61
-0.49,-0.88,-0.65,-0.89,-0.61,-0.57
-0.49,-0.86,-0.64,-1.00,-0.59,-0.55
-0.49,-0.85,-0.64,-1.11,-0.58,-0.54
-0.50,-0.84,-0.64,-1.24,-0.57,-0.53
-0.51,-0.83,-0.64,-1.35,-0.57,-0.50
-0.52,-0.81,-0.63,-1.44,-0.59,-0.46
-0.53,-0.80,-0.63,-1.50,-0.63,-0.41
-0.54,-0.79,-0.62,-1.54,-0.70,-0.36
-0.56,-0.78,-0.62,-1.57,-0.78,-0.30
-0.57,-0.78,-0.61,-1.58,-0.86,-0.25
-0.58,-0.77,-0.60,-1.58,-0.97,-0.21
-0.59,-0.77,-0.59,-1.58,-1.08,-0.18
-0.60,-0.77,-0.58,-1.58,-1.20,-0.15
-0.61,-0.77,-0.57,-1.57,-1.32,-0.13
-0.62,-0.77,-0.56,-1.56,-1.45,-0.13
-0.63,-0.78,-0.55,-1.55,-1.57,-0.15
-0.64,-0.79,-0.54,-1.55,-1.69,-0.16
-0.65,-0.80,-0.54,-1.55,-1.81,-0.19
-0.66,-0.81,-0.53,-1.54,-1.93,-0.22
-0.67,-0.82,-0.52,-1.52,-2.04,-0.25
-0.68,-0.83,-0.52,-1.49,-2.15,-0.28
-0.69,-0.85,-0.51,-1.45,-2.25,-0.31
-0.69,-0.87,-0.51,-1.40,-2.35,-0.34
-0.70,-0.88,-0.51,-1.33,-2.45,-0.39
-0.70,-0.90,-0.50,-1.25,-2.54,-0.43
-0.70,-0.92,-0.50,-1.15,-2.63,-0.48
-0.70,-0.94,-0.50,-1.03,-2.71,-0.52
-0.70,-0.97,-0.50,-0.89,-2.77,-0.57
-0.70,-0.99,-0.50,-0.75,-2.78,-0.61
-0.69,-1.01,-0.50,-0.61,-2.78,-0.65
-0.68,-1.03,-0.51,-0.46,-2.75,-0.69
-0.67,-1.05,-0.51,-0.33,-2.72,-0.71
-0.66,-1.07,-0.51,-0.24,-2.66,-0.79
-0.64,-1.08,-0.52,-0.12,-2.55,-0.82
-0.63,-1.10,-0.52,-0.01,-2.42,-0.81
-0.61,-1.11,-0.53,0.06,-2.27,-0.81
-0.59,-1.12,-0.53,0.12,-2.11,-0.76
-0.57,-1.12,-0.53,0.15,-1.95,-0.71
-0.56,-1.13,-0.53,0.16,-1.79,-0.66
-0.54,-1.12,-0.53,0.15,-1.64,-0.62
-0.52,-1.12,-0.53,0.13,-1.50,-0.60
-0.51,-1.12,-0.53,0.10,-1.37,-0.58
-0.49,-1.11,-0.53,0.05,-1.24,-0.56
-0.48,-1.10,-0.53,-0.02,-1.11,-0.53
-0.47,-1.09,-0.53,-0.11,-0.99,-0.51
-0.46,-1.08,-0.53,-0.20,-0.87,-0.50
-0.45,-1.06,-0.53,-0.30,-0.77,-0.51
-0.44,-1.05,-0.53,-0.39,-0.70,-0.51
-0.44,-1.03,-0.53,-0.49,-0.65,-0.50
-0.44,-1.01,-0.53,-0.61,-0.61,-0.49
-0.44,-1.00,-0.53,-0.72,-0.57,-0.47
-0.44,-0.98,-0.53,-0.83,-0.52,-0.47
-0.44,-0.96,-0.53,-0.95,-0.48,-0.48
-0.45,-0.95,-0.53,-1.07,-0.46,-0.51
-0.46,-0.93,-0.53,-1.17,-0.47,-0.54
-0.46,-0.91,-0.53,-1.27,-0.48,-0.54
-0.48,-0.90,-0.53,-1.37,-0.49,-0.52
-0.49,-0.88,-0.53,-1.44,-0.53,-0.50
-0.50,-0.87,-0.53,-1.51,-0.58,-0.49
-0.51,-0.86,-0.53,-1.57,-0.65,-0.49
-0.53,-0.84,-0.54,-1.64,-0.71,-0.49
-0.54,-0.83,-0.54,-1.69,-0.76,-0.48
-0.56,-0.83,-0.54,-1.73,-0.82,-0.47
-0.57,-0.82,-0.53,-1.76,-0.91,-0.45
-0.59,-0.81,-0.53,-1.77,-1.00,-0.43
-0.60,-0.81,-0.53,-1.78,-1.11,-0.42
-0.62,-0.81,-0.53,-1.78,-1.21,-0.41
-0.63,-0.81,-0.52,-1.79,-1.31,-0.41
-0.64,-0.81,-0.52,-1.79,-1.43,-0.43
-0.66,-0.82,-0.52,-1.80,-1.56,-0.44
-0.67,-0.82,-0.52,-1.81,-1.69,-0.44
-0.68,-0.83,-0.52,-1.81,-1.82,-0.43
-0.70,-0.84,-0.52,-1.79,-1.94,-0.43
-0.71,-0.85,-0.52,-1.77,-2.07,-0.42
-0.72,-0.87,-0.52,-1.74,-2.18,-0.41
-0.73,-0.88,-0.52,-1.71,-2.30,-0.41
-0.74,-0.90,-0.51,-1.67,-2.41,-0.40
-0.75,-0.92,-0.51,-1.62,-2.51,-0.39
-0.76,-0.94,-0.51,-1.54,-2.60,-0.38
-0.76,-0.96,-0.51,-1.45,-2.67,-0.40
-0.77,-0.98,-0.51,-1.40,-2.78,-0.42
-0.77,-1.00,-0.51,-1.26,-2.81,-0.45
-0.77,-1.02,-0.51,-1.15,-2.82,-0.46
-0.77,-1.04,-0.51,-1.01,-2.81,-0.48
-0.76,-1.06,-0.51,-0.85,-2.80,-0.48
-0.76,-1.08,-0.51,-0.69,-2.78,-0.47
-0.75,-1.10,-0.51,-0.54,-2.73,-0.45
-0.73,-1.12,-0.51,-0.40,-2.65,-0.43
-0.72,-1.13,-0.51,-0.27,-2.55,-0.42
-0.71,-1.15,-0.51,-0.15,-2.45,-0.40
-0.69,-1.16,-0.50,-0.06,-2.32,-0.38
-0.67,-1.16,-0.50,0.01,-2.18,-0.36
-0.65,-1.17,-0.50,0.06,-2.04,-0.33
-0.63,-1.17,-0.50,0.09,-1.90,-0.32
-0.62,-1.17,-0.50,0.10,-1.78,-0.33
-0.60,-1.17,-0.50,0.11,-1.67,-0.36
-0.58,-1.17,-0.50,0.10,-1.57,-0.38
-0.56,-1.16,-0.50,0.07,-1.49,-0.39
-0.55,-1.16,-0.49,0.03,-1.39,-0.39
-0.53,-1.15,-0.49,-0.02,-1.29,-0.40
-0.52,-1.14,-0.49,-0.10,-1.19,-0.41
-0.51,-1.13,-0.49,-0.20,-1.10,-0.43
-0.50,-1.12,-0.49,-0.32,-1.01,-0.43
-0.49,-1.10,-0.49,-0.45,-0.92,-0.44
-0.49,-1.09,-0.49,-0.60,-0.85,-0.47
-0.49,-1.08,-0.50,-0.75,-0.77,-0.50
-0.49,-1.06,-0.50,-0.89,-0.71,-0.51
-0.49,-1.04,-0.50,-1.02,-0.66,-0.51
-0.50,-1.03,-0.50,-1.13,-0.64,-0.49
-0.50,-1.01,-0.50,-1.22,-0.65,-0.45
-0.51,-1.00,-0.50,-1.32,-0.64,-0.40
-0.52,-0.98,-0.50,-1.41,-0.64,-0.35
-0.53,-0.97,-0.49,-1.49,-0.66,-0.30
-0.55,-0.95,-0.49,-1.59,-0.66,-0.26
-0.56,-0.94,-0.48,-1.68,-0.67,-0.23
-0.57,-0.92,-0.48,-1.74,-0.69,-0.19
-0.59,-0.91,-0.47,-1.79,-0.71,-0.16
-0.60,-0.90,-0.47,-1.82,-0.75,-0.12
-0.62,-0.89,-0.46,-1.84,-0.81,-0.06
-0.63,-0.88,-0.45,-1.83,-0.87,-0.02
-0.65,-0.87,-0.45,-1.81,-0.95,0.02
-0.66,-0.87,-0.44,-1.80,-1.05,0.06
-0.68,-0.86,-0.43,-1.78,-1.15,0.10
-0.69,-0.86,-0.42,-1.77,-1.26,0.13
-0.70,-0.86,-0.41,-1.75,-1.37,0.14
-0.71,-0.86,-0.40,-1.74,-1.48,0.13
-0.72,-0.87,-0.39,-1.74,-1.59,0.12
-0.73,-0.87,-0.38,-1.74,-1.70,0.12
-0.74,-0.88,-0.37,-1.72,-1.79,0.15
-0.75,-0.89,-0.36,-1.70,-1.89,0.18
-0.76,-0.90,-0.35,-1.68,-2.00,0.19
-0.77,-0.91,-0.34,-1.66,-2.12,0.18
-0.78,-0.92,-0.33,-1.64,-2.23,0.16
-0.79,-0.94,-0.32,-1.61,-2.33,0.16
-0.79,-0.95,-0.32,-1.57,-2.43,0.16
-0.80,-0.97,-0.31,-1.50,-2.50,0.15
-0.80,-0.99,-0.30,-1.43,-2.58,0.13
-0.80,-1.00,-0.29,-1.35,-2.65,0.08
-0.80,-1.02,-0.28,-1.26,-2.70,0.04
-0.80,-1.04,-0.27,-1.15,-2.74,-0.00
-0.80,-1.06,-0.27,-1.03,-2.75,-0.04
-0.80,-1.08,-0.26,-0.89,-2.76,-0.07
-0.79,-1.10,-0.26,-0.74,-2.76,-0.11
-0.78,-1.12,-0.26,-0.60,-2.72,-0.17
-0.77,-1.13,-0.25,-0.47,-2.66,-0.22
-0.76,-1.15,-0.25,-0.36,-2.57,-0.25
-0.74,-1.16,-0.25,-0.25,-2.46,-0.27
-0.72,-1.17,-0.25,-0.15,-2.34,-0.29
-0.71,-1.18,-0.24,-0.08,-2.20,-0.31
-0.69,-1.19,-0.24,-0.03,-2.07,-0.34
-0.67,-1.19,-0.24,-0.00,-1.96,-0.38
-0.65,-1.19,-0.24,0.01,-1.85,-0.42
-0.64,-1.19,-0.24,0.02,-1.73,-0.46
-0.62,-1.19,-0.24,0.01,-1.62,-0.48
-0.60,-1.18,-0.24,-0.01,-1.53,-0.49
-0.59,-1.18,-0.24,-0.05,-1.44,-0.50
-0.57,-1.17,-0.25,-0.09,-1.35,-0.51
-0.56,-1.16,-0.25,-0.15,-1.27,-0.53
-0.55,-1.15,-0.25,-0.22,-1.20,-0.57
-0.54,-1.14,-0.25,-0.32,-1.13,-0.60
-0.53,-1.13,-0.26,-0.42,-1.07,-0.62
-0.52,-1.12,-0.26,-0.53,-1.00,-0.63
-0.52,-1.10,-0.26,-0.65,-0.95,-0.63
-0.52,-1.09,-0.27,-0.77,-0.90,-0.62
-0.52,-1.08,-0.27,-0.90,-0.85,-0.62
-0.52,-1.06,-0.27,-1.03,-0.80,-0.61
-0.53,-1.05,-0.28,-1.15,-0.76,-0.60
-0.53,-1.03,-0.28,-1.28,-0.72,-0.58
-0.54,-1.02,-0.28,-1.40,-0.70,-0.56
-0.55,-1.00,-0.28,-1.50,-0.70,-0.53
-0.57,-0.99,-0.28,-1.60,-0.69,-0.50
-0.58,-0.97,-0.28,-1.68,-0.71,-0.44
-0.59,-0.96,-0.28,-1.75,-0.73,-0.39
-0.61,-0.95,-0.28,-1.81,-0.78,-0.35
-0.62,-0.94,-0.28,-1.86,-0.84,-0.31
-0.64,-0.93,-0.28,-1.89,-0.90,-0.28
-0.65,-0.92,-0.28,-1.90,-0.98,-0.24
-0.67,-0.91,-0.28,-1.92,-1.07,-0.19
-0.68,-0.91,-0.27,-1.92,-1.15,-0.15
-0.70,-0.90,-0.27,-1.93,-1.23,-0.11
-0.71,-0.90,-0.27,-1.93,-1.32,-0.09
-0.73,-0.90,-0.26,-1.93,-1.40,-0.08
-0.74,-0.90,-0.26,-1.93,-1.49,-0.07
-0.75,-0.90,-0.26,-1.92,-1.57,-0.07
-0.77,-0.91,-0.25,-1.92,-1.64,-0.07
-0.78,-0.91,-0.25,-1.91,-1.70,-0.10
-0.79,-0.92,-0.25,-1.90,-1.75,-0.13
-0.80,-0.92,-0.25,-1.90,-1.80,-0.15
-0.81,-0.93,-0.25,-1.89,-1.86,-0.15
-0.83,-0.94,-0.25,-1.86,-1.90,-0.15
-0.83,-0.95,-0.25,-1.81,-1.92,-0.17
-0.84,-0.95,-0.24,-1.75,-1.91,-0.20
-0.85,-0.96,-0.24,-1.69,-1.88,-0.24
-0.86,-0.97,-0.24,-1.63,-1.85,-0.29
-0.86,-0.97,-0.24,-1.56,-1.81,-0.32
-0.86,-0.98,-0.24,-1.49,-1.76,-0.34
-0.87,-0.98,-0.24,-1.41,-1.71,-0.34
-0.87,-0.98,-0.24,-1.33,-1.66,-0.34
-0.87,-0.99,-0.24,-1.26,-1.61,-0.35
-0.86,-0.99,-0.24,-1.19,-1.58,-0.36
-0.86,-0.99,-0.24,-1.12,-1.55,-0.38
-0.86,-0.99,-0.24,-1.05,-1.54,-0.40
-0.85,-0.99,-0.25,-0.98,-1.53,-0.43
-0.85,-0.99,-0.25,-0.92,-1.50,-0.46
-0.84,-0.99,-0.25,-0.86,-1.49,-0.49
-0.83,-0.99,-0.25,-0.80,-1.47,-0.51
-0.82,-0.99,-0.25,-0.75,-1.48,-0.53
-0.81,-0.99,-0.25,-0.69,-1.49,-0.53
-0.80,-0.99,-0.26,-0.63,-1.51,-0.53
-0.79,-0.99,-0.26,-0.58,-1.52,-0.52
-0.78,-0.99,-0.26,-0.53,-1.53,-0.50
-0.77,-0.99,-0.27,-0.48,-1.54,-0.49
-0.76,-0.99,-0.27,-0.44,-1.57,-0.49
-0.74,-0.99,-0.27,-0.41,-1.60,-0.48
-0.73,-0.99,-0.27,-0.38,-1.63,-0.47
-0.72,-0.99,-0.28,-0.35,-1.66,-0.46
-0.70,-0.99,-0.28,-0.32,-1.70,-0.45
-0.69,-1.00,-0.28,-0.29,-1.75,-0.46
-0.68,-1.00,-0.28,-0.27,-1.81,-0.47
-0.66,-1.01,-0.29,-0.24,-1.87,-0.48
-0.65,-1.01,-0.29,-0.23,-1.94,-0.50
-0.64,-1.02,-0.29,-0.21,-2.01,-0.51
-0.62,-1.03,-0.30,-0.20,-2.10,-0.52
-0.61,-1.04,-0.30,-0.19,-2.18,-0.52
-0.60,-1.05,-0.30,-0.18,-2.27,-0.53
-0.58,-1.06,-0.30,-0.18,-2.34,-0.55
-0.57,-1.07,-0.31,-0.20,-2.40,-0.59
-0.56,-1.08,-0.31,-0.25,-2.46,-0.63
-0.55,-1.10,-0.32,-0.31,-2.51,-0.67
-0.54,-1.11,-0.32,-0.39,-2.55,-0.70
-0.54,-1.13,-0.33,-0.47,-2.57,-0.73
-0.53,-1.14,-0.33,-0.55,-2.59,-0.75
-0.53,-1.16,-0.34,-0.64,-2.61,-0.77
-0.52,-1.17,-0.35,-0.71,-2.64,-0.78
-0.52,-1.18,-0.35,-0.78,-2.66,-0.79
-0.52,-1.20,-0.36,-0.87,-2.66,-0.80
-0.52,-1.21,-0.37,-0.97,-2.65,-0.80
-0.53,-1.23,-0.37,-1.08,-2.64,-0.81
-0.53,-1.24,-0.38,-1.18,-2.62,-0.81
-0.54,-1.25,-0.39,-1.26,-2.61,-0.81
-0.55,-1.26,-0.40,-1.36,-2.57,-0.79
-0.56,-1.27,-0.40,-1.49,-2.51,-0.76
-0.57,-1.28,-0.41,-1.62,-2.42,-0.72
-0.58,-1.29,-0.41,-1.74,-2.32,-0.69
-0.60,-1.29,-0.42,-1.84,-2.21,-0.66
-0.62,-1.29,-0.42,-1.95,-2.09,-0.64
-0.63,-1.29,-0.43,-2.05,-1.95,-0.60
-0.65,-1.29,-0.43,-2.13,-1.79,-0.56
-0.67,-1.29,-0.43,-2.18,-1.62,-0.51
-0.69,-1.28,-0.43,-2.22,-1.46,-0.48
-0.71,-1.27,-0.43,-2.22,-1.31,-0.46
-0.73,-1.26,-0.43,-2.18,-1.17,-0.45
-0.75,-1.24,-0.43,-2.13,-1.04,-0.43
-0.76,-1.23,-0.43,-2.05,-0.92,-0.40
-0.78,-1.21,-0.43,-1.96,-0.81,-0.37
-0.79,-1.19,-0.43,-1.85,-0.71,-0.36
-0.80,-1.17,-0.43,-1.73,-0.63,-0.36
-0.81,-1.15,-0.43,-1.59,-0.56,-0.38
-0.81,-1.13,-0.43,-1.46,-0.51,-0.39
-0.81,-1.11,-0.43,-1.33,-0.47,-0.40
-0.81,-1.09,-0.43,-1.19,-0.45,-0.41
-0.81,-1.06,-0.43,-1.06,-0.45,-0.41
-0.81,-1.04,-0.43,-0.94,-0.47,-0.43
-0.80,-1.03,-0.43,-0.82,-0.51,-0.46
-0.79,-1.01,-0.44,-0.72,-0.57,-0.50
-0.78,-0.99,-0.44,-0.63,-0.64,-0.51
-0.77,-0.98,-0.44,-0.55,-0.73,-0.51
-0.76,-0.96,-0.44,-0.48,-0.81,-0.52
-0.75,-0.95,-0.44,-0.43,-0.93,-0.51
-0.74,-0.95,-0.44,-0.38,-1.04,-0.50
-0.72,-0.94,-0.44,-0.34,-1.16,-0.47
-0.71,-0.93,-0.45,-0.31,-1.26,-0.45
-0.70,-0.93,-0.45,-0.27,-1.37,-0.43
-0.68,-0.93,-0.45,-0.24,-1.49,-0.43
-0.67,-0.93,-0.45,-0.22,-1.61,-0.44
-0.65,-0.94,-0.45,-0.20,-1.74,-0.48
-0.64,-0.94,-0.46,-0.17,-1.86,-0.52
-0.63,-0.95,-0.46,-0.14,-1.96,-0.57
-0.61,-0.96,-0.47,-0.12,-2.05,-0.63
-0.60,-0.97,-0.47,-0.10,-2.12,-0.69
-0.58,-0.98,-0.48,-0.10,-2.19,-0.75
-0.57,-0.99,-0.49,-0.08,-2.26,-0.82
-0.56,-1.01,-0.50,-0.08,-2.32,-0.88
-0.54,-1.02,-0.51,-0.08,-2.38,-0.93
-0.53,-1.04,-0.52,-0.11,-2.42,-0.94
-0.52,-1.05,-0.53,-0.17,-2.46,-0.96
-0.51,-1.06,-0.54,-0.25,-2.48,-0.95
-0.50,-1.08,-0.55,-0.35,-2.50,-0.93
-0.49,-1.09,-0.56,-0.46,-2.50,-0.91
-0.49,-1.11,-0.57,-0.57,-2.51,-0.90
-0.49,-1.12,-0.58,-0.67,-2.53,-0.89
-0.49,-1.13,-0.59,-0.79,-2.53,-0.86
-0.49,-1.15,-0.60,-0.91,-2.49,-0.82
-0.49,-1.16,-0.61,-1.07,-2.49,-0.76
-0.50,-1.17,-0.61,-1.22,-2.46,-0.70
-0.51,-1.18,-0.62,-1.35,-2.43,-0.68
-0.52,-1.19,-0.62,-1.47,-2.40,-0.64
-0.53,-1.20,-0.63,-1.60,-2.35,-0.63
-0.55,-1.21,-0.64,-1.73,-2.27,-0.61
-0.56,-1.21,-0.64,-1.84,-2.16,-0.59
-0.58,-1.22,-0.65,-1.93,-2.07,-0.57
-0.60,-1.22,-0.65,-2.01,-1.96,-0.53
-0.62,-1.22,-0.65,-2.08,-1.84,-0.52
-0.64,-1.22,-0.65,-2.14,-1.71,-0.51
-0.66,-1.22,-0.66,-2.18,-1.58,-0.50
-0.68,-1.21,-0.66,-2.21,-1.43,-0.48
-0.70,-1.20,-0.66,-2.22,-1.28,-0.45
-0.72,-1.19,-0.67,-2.20,-1.13,-0.44
-0.73,-1.18,-0.67,-2.15,-1.00,-0.42
-0.75,-1.16,-0.67,-2.07,-0.88,-0.41
-0.77,-1.14,-0.67,-1.98,-0.78,-0.39
-0.78,-1.13,-0.67,-1.88,-0.67,-0.39
-0.79,-1.11,-0.68,-1.76,-0.59,-0.38
-0.80,-1.09,-0.68,-1.63,-0.52,-0.39
-0.80,-1.07,-0.68,-1.50,-0.47,-0.39
-0.81,-1.05,-0.68,-1.37,-0.43,-0.39
-0.81,-1.03,-0.68,-1.25,-0.41,-0.41
-0.81,-1.01,-0.68,-1.13,-0.42,-0.44
-0.80,-0.99,-0.69,-1.08,-0.47,-0.47
-0.80,-0.97,-0.69,-1.03,-0.48,-0.52
-0.80,-0.95,-0.69,-0.95,-0.52,-0.53
-0.79,-0.94,-0.69,-0.88,-0.57,-0.54
-0.78,-0.92,-0.70,-0.81,-0.65,-0.55
-0.78,-0.91,-0.70,-0.74,-0.73,-0.60
-0.77,-0.90,-0.71,-0.70,-0.83,-0.63
-0.76,-0.89,-0.71,-0.65,-0.96,-0.63
-0.75,-0.89,-0.72,-0.60,-1.10,-0.63
-0.74,-0.88,-0.72,-0.54,-1.24,-0.63
-0.73,-0.88,-0.73,-0.49,-1.38,-0.62
-0.72,-0.88,-0.73,-0.42,-1.50,-0.63
-0.71,-0.89,-0.74,-0.36,-1.61,-0.65
-0.69,-0.89,-0.75,-0.30,-1.71,-0.67
-0.68,-0.90,-0.75,-0.25,-1.80,-0.69
-0.67,-0.90,-0.76,-0.20,-1.87,-0.69
-0.65,-0.91,-0.77,-0.18,-1.93,-0.68
-0.64,-0.92,-0.77,-0.18,-1.98,-0.67
-0.62,-0.93,-0.78,-0.20,-2.00,-0.66
-0.61,-0.94,-0.79,-0.24,-2.00,-0.66
-0.60,-0.95,-0.80,-0.33,-2.01,-0.66
-0.59,-0.96,-0.80,-0.42,-2.03,-0.64
-0.58,-0.97,-0.81,-0.52,-2.07,-0.61
-0.58,-0.98,-0.81,-0.60,-2.11,-0.59
-0.57,-0.99,-0.82,-0.67,-2.14,-0.57
-0.57,-1.00,-0.82,-0.75,-2.18,-0.58
-0.57,-1.01,-0.83,-0.82,-2.22,-0.61
-0.57,-1.02,-0.83,-0.89,-2.26,-0.63
-0.57,-1.04,-0.84,-0.98,-2.29,-0.63
-0.57,-1.05,-0.85,-1.07,-2.30,-0.62
-0.57,-1.06,-0.85,-1.15,-2.30,-0.61
-0.58,-1.07,-0.85,-1.24,-2.31,-0.60
-0.59,-1.08,-0.86,-1.35,-2.31,-0.58
-0.60,-1.09,-0.86,-1.48,-2.29,-0.55
-0.61,-1.10,-0.86,-1.59,-2.24,-0.53
-0.62,-1.11,-0.87,-1.68,-2.18,-0.52
-0.63,-1.12,-0.87,-1.74,-2.09,-0.55
-0.64,-1.12,-0.87,-1.84,-2.03,-0.58
-0.66,-1.13,-0.88,-1.94,-1.95,-0.56
-0.68,-1.13,-0.88,-2.06,-1.83,-0.54
-0.69,-1.13,-0.88,-2.16,-1.72,-0.50
-0.71,-1.13,-0.88,-2.21,-1.57,-0.48
-0.73,-1.13,-0.89,-2.27,-1.43,-0.45
-0.75,-1.12,-0.89,-2.30,-1.28,-0.46
-0.77,-1.11,-0.89,-2.28,-1.13,-0.47
-0.79,-1.10,-0.89,-2.24,-1.00,-0.47
-0.81,-1.09,-0.89,-2.18,-0.90,-0.47
-0.82,-1.07,-0.89,-2.10,-0.80,-0.47
-0.84,-1.06,-0.89,-2.01,-0.71,-0.48
-0.85,-1.04,-0.89,-1.92,-0.63,-0.49
-0.86,-1.02,-0.89,-1.80,-0.58,-0.50
-0.86,-1.01,-0.89,-1.68,-0.55,-0.52
-0.87,-0.99,-0.89,-1.56,-0.54,-0.53
-0.87,-0.97,-0.90,-1.45,-0.55,-0.53
-0.87,-0.96,-0.90,-1.34,-0.58,-0.52
-0.87,-0.94,-0.90,-1.22,-0.62,-0.52
-0.87,-0.93,-0.91,-1.11,-0.68,-0.52
-0.86,-0.91,-0.91,-1.04,-0.74,-0.52
-0.86,-0.90,-0.91,-0.98,-0.80,-0.53
-0.85,-0.89,-0.91,-0.94,-0.88,-0.55
-0.84,-0.89,-0.92,-0.88,-0.98,-0.57
-0.84,-0.88,-0.92,-0.85,-1.08,-0.58
-0.83,-0.88,-0.92,-0.84,-1.17,-0.58
-0.82,-0.87,-0.92,-0.84,-1.24,-0.57
-0.82,-0.87,-0.93,-0.84,-1.30,-0.57
-0.81,-0.87,-0.93,-0.83,-1.37,-0.58
-0.80,-0.87,-0.93,-0.83,-1.42,-0.59
-0.79,-0.87,-0.94,-0.85,-1.48,-0.59
-0.79,-0.88,-0.94,-0.88,-1.52,-0.58
-0.78,-0.88,-0.95,-0.91,-1.54,-0.57
-0.78,-0.88,-0.95,-0.93,-1.55,-0.57
-0.77,-0.89,-0.95,-0.96,-1.56,-0.56
-0.77,-0.89,-0.95,-1.00,-1.56,-0.57
-0.77,-0.89,-0.96,-1.04,-1.55,-0.58
-0.76,-0.90,-0.96,-1.09,-1.54,-0.59
-0.76,-0.90,-0.97,-1.13,-1.53,-0.59
-0.76,-0.90,-0.97,-1.16,-1.52,-0.59
-0.76,-0.90,-0.97,-1.20,-1.50,-0.60
-0.76,-0.91,-0.98,-1.24,-1.49,-0.59
-0.76,-0.91,-0.98,-1.27,-1.49,-0.58
-0.77,-0.91,-0.98,-1.29,-1.49,-0.58
-0.77,-0.91,-0.98,-1.30,-1.49,-0.58
-0.77,-0.91,-0.99,-1.31,-1.50,-0.57
-0.77,-0.91,-0.99,-1.30,-1.50,-0.57
-0.77,-0.91,-0.99,-1.30,-1.50,-0.56
-0.78,-0.92,-0.99,-1.29,-1.50,-0.56
-0.78,-0.92,-0.99,-1.29,-1.50,-0.55
-0.78,-0.92,-0.99,-1.28,-1.50,-0.55
-0.78,-0.92,-1.00,-1.28,-1.49,-0.55
-0.78,-0.92,-1.00,-1.27,-1.49,-0.54
-0.78,-0.92,-1.00,-1.27,-1.48,-0.54
-0.78,-0.92,-1.00,-1.27,-1.47,-0.54
-0.78,-0.92,-1.00,-1.28,-1.46,-0.54
-0.79,-0.92,-1.00,-1.30,-1.44,-0.54
-0.79,-0.92,-1.00,-1.32,-1.43,-0.52
-0.79,-0.92,-1.00,-1.34,-1.42,-0.52
-0.79,-0.92,-1.00,-1.38,-1.41,-0.51
-0.79,-0.92,-0.99,-1.42,-1.39,-0.50
-0.80,-0.92,-0.99,-1.46,-1.38,-0.49
-0.80,-0.92,-0.99,-1.51,-1.37,-0.48
-0.81,-0.92,-0.99,-1.55,-1.37,-0.48
-0.81,-0.92,-0.99,-1.59,-1.37,-0.47
-0.82,-0.92,-0.99,-1.63,-1.38,-0.46
-0.83,-0.92,-0.99,-1.68,-1.40,-0.44
-0.83,-0.92,-0.99,-1.73,-1.41,-0.41
-0.84,-0.92,-0.99,-1.78,-1.42,-0.37
-0.85,-0.92,-0.99,-1.83,-1.43,-0.32
-0.86,-0.92,-0.99,-1.87,-1.45,-0.30
-0.87,-0.92,-0.99,-1.91,-1.49,-0.28
-0.88,-0.92,-0.98,-1.95,-1.53,-0.27
-0.89,-0.92,-0.98,-1.98,-1.58,-0.24
-0.90,-0.93,-0.98,-1.99,-1.64,-0.21
-0.91,-0.93,-0.97,-1.98,-1.75,-0.19
-0.92,-0.94,-0.97,-1.95,-1.89,-0.19
-0.93,-0.95,-0.97,-1.90,-2.04,-0.22
-0.94,-0.96,-0.96,-1.83,-2.19,-0.22
-0.94,-0.97,-0.96,-1.72,-2.34,-0.23
-0.94,-0.99,-0.96,-1.47,-2.43,-0.22
-0.94,-1.00,-0.96,-1.31,-2.50,-0.21
-0.94,-1.02,-0.95,-1.12,-2.54,-0.21
-0.93,-1.04,-0.95,-0.91,-2.52,-0.25
-0.92,-1.05,-0.95,-0.72,-2.46,-0.28
-0.91,-1.06,-0.95,-0.55,-2.37,-0.29
-0.89,-1.08,-0.94,-0.37,-2.25,-0.30
-0.87,-1.08,-0.94,-0.22,-2.11,-0.31
-0.85,-1.09,-0.94,-0.10,-1.95,-0.34
-0.83,-1.09,-0.93,0.01,-1.79,-0.39
-0.81,-1.09,-0.93,0.07,-1.63,-0.43
-0.78,-1.09,-0.93,0.11,-1.47,-0.46
-0.76,-1.09,-0.93,0.13,-1.32,-0.49
-0.74,-1.08,-0.93,0.11,-1.18,-0.54
-0.72,-1.07,-0.93,0.06,-1.06,-0.57
-0.70,-1.06,-0.93,-0.03,-0.95,-0.60
-0.68,-1.05,-0.93,-0.13,-0.83,-0.64
-0.67,-1.03,-0.94,-0.25,-0.71,-0.70
-0.66,-1.02,-0.94,-0.40,-0.61,-0.76
-0.65,-1.00,-0.95,-0.57,-0.54,-0.77
-0.64,-0.98,-0.96,-0.74,-0.48,-0.78
-0.64,-0.96,-0.96,-0.91,-0.42,-0.78
-0.64,-0.94,-0.97,-1.06,-0.38,-0.78
-0.64,-0.93,-0.97,-1.21,-0.34,-0.78
-0.65,-0.91,-0.98,-1.37,-0.33,-0.78
-0.65,-0.89,-0.98,-1.54,-0.33,-0.78
-0.66,-0.87,-0.99,-1.69,-0.33,-0.76
-0.68,-0.85,-0.99,-1.82,-0.35,-0.73
-0.69,-0.84,-0.99,-1.92,-0.39,-0.68
-0.71,-0.82,-0.99,-2.01,-0.43,-0.59
-0.72,-0.81,-0.99,-2.08,-0.46,-0.50
-0.74,-0.80,-0.99,-2.11,-0.50,-0.41
-0.76,-0.78,-0.99,-2.12,-0.56,-0.33
-0.77,-0.77,-0.98,-2.13,-0.63,-0.25
-0.79,-0.76,-0.98,-2.12,-0.70,-0.18
-0.80,-0.76,-0.97,-2.10,-0.78,-0.10
-0.82,-0.75,-0.96,-2.07,-0.86,-0.03
-0.83,-0.75,-0.95,-2.06,-0.95,0.06
-0.84,-0.74,-0.94,-2.03,-1.04,0.13
-0.86,-0.74,-0.93,-2.01,-1.14,0.18
-0.87,-0.74,-0.92,-1.98,-1.25,0.22
-0.88,-0.75,-0.90,-1.94,-1.36,0.25
-0.89,-0.75,-0.89,-1.91,-1.48,0.25
-0.90,-0.76,-0.88,-1.86,-1.60,0.23
-0.90,-0.77,-0.87,-1.81,-1.73,0.20
-0.91,-0.78,-0.85,-1.74,-1.86,0.21
-0.92,-0.79,-0.84,-1.66,-1.97,0.20
-0.92,-0.80,-0.83,-1.56,-2.09,0.18
-0.92,-0.82,-0.82,-1.43,-2.20,0.15
-0.92,-0.83,-0.81,-1.29,-2.30,0.12
-0.92,-0.85,-0.80,-1.13,-2.38,0.08
-0.91,-0.87,-0.79,-0.95,-2.42,0.01
-0.90,-0.89,-0.79,-0.78,-2.43,-0.04
-0.89,-0.91,-0.78,-0.60,-2.41,-0.10
-0.87,-0.92,-0.77,-0.42,-2.36,-0.14
-0.86,-0.94,-0.77,-0.25,-2.27,-0.19
-0.84,-0.95,-0.76,-0.11,-2.14,-0.24
-0.82,-0.96,-0.76,-0.00,-2.00,-0.30
-0.79,-0.97,-0.76,0.07,-1.84,-0.35
-0.77,-0.97,-0.76,0.11,-1.67,-0.40
-0.75,-0.98,-0.76,0.13,-1.52,-0.42
-0.73,-0.97,-0.75,0.13,-1.37,-0.46
-0.71,-0.97,-0.75,0.13,-1.24,-0.51
-0.69,-0.97,-0.76,0.08,-1.12,-0.57
-0.67,-0.96,-0.76,0.00,-1.00,-0.64
-0.65,-0.95,-0.76,-0.10,-0.90,-0.68
-0.64,-0.94,-0.76,-0.21,-0.81,-0.72
-0.62,-0.93,-0.77,-0.34,-0.72,-0.76
-0.61,-0.91,-0.77,-0.46,-0.63,-0.79
-0.61,-0.90,-0.77,-0.59,-0.57,-0.82
-0.60,-0.89,-0.78,-0.74,-0.53,-0.83
-0.60,-0.87,-0.78,-0.89,-0.49,-0.83
-0.60,-0.86,-0.78,-1.06,-0.43,-0.80
-0.60,-0.84,-0.79,-1.21,-0.37,-0.78
-0.61,-0.82,-0.79,-1.34,-0.33,-0.76
-0.62,-0.81,-0.79,-1.48,-0.30,-0.75
-0.63,-0.79,-0.80,-1.63,-0.30,-0.71
-0.64,-0.78,-0.80,-1.76,-0.31,-0.67
-0.65,-0.76,-0.80,-1.86,-0.32,-0.64
-0.67,-0.75,-0.80,-1.95,-0.35,-0.59
-0.69,-0.73,-0.80,-2.02,-0.38,-0.54
-0.70,-0.72,-0.80,-2.09,-0.42,-0.49
-0.72,-0.71,-0.80,-2.13,-0.46,-0.41
-0.74,-0.70,-0.79,-2.15,-0.52,-0.33
-0.76,-0.69,-0.79,-2.16,-0.60,-0.24
-0.77,-0.68,-0.78,-2.15,-0.71,-0.17
-0.79,-0.68,-0.77,-2.13,-0.83,-0.10
-0.80,-0.68,-0.77,-2.10,-0.96,-0.05
-0.82,-0.68,-0.76,-2.08,-1.09,-0.01
-0.83,-0.68,-0.75,-2.07,-1.20,0.02
-0.85,-0.68,-0.74,-2.06,-1.30,0.04
-0.86,-0.69,-0.73,-2.04,-1.40,0.06
-0.87,-0.69,-0.72,-2.01,-1.50,0.08
-0.88,-0.70,-0.72,-1.98,-1.61,0.09
-0.89,-0.71,-0.71,-1.94,-1.71,0.09
-0.90,-0.72,-0.70,-1.88,-1.82,0.10
-0.91,-0.73,-0.70,-1.81,-1.93,0.14
-0.91,-0.75,-0.69,-1.72,-2.05,0.18
-0.92,-0.77,-0.68,-1.61,-2.16,0.21
-0.92,-0.78,-0.67,-1.47,-2.27,0.20
-0.92,-0.80,-0.66,-1.34,-2.36,0.18
-0.92,-0.82,-0.65,-1.20,-2.44,0.16
-0.91,-0.84,-0.64,-1.05,-2.51,0.15
-0.91,-0.86,-0.63,-0.89,-2.55,0.13
-0.90,-0.88,-0.62,-0.73,-2.55,0.11
-0.88,-0.90,-0.61,-0.58,-2.52,0.07
-0.87,-0.92,-0.60,-0.46,-2.46,0.03
-0.85,-0.94,-0.60,-0.36,-2.37,-0.00
-0.84,-0.95,-0.59,-0.32,-2.25,-0.01
-0.82,-0.97,-0.58,-0.31,-2.08,-0.02
-0.80,-0.97,-0.58,-0.34,-1.91,-0.02
-0.79,-0.98,-0.57,-0.41,-1.76,-0.03
-0.78,-0.98,-0.56,-0.49,-1.63,-0.06
-0.76,-0.98,-0.56,-0.58,-1.53,-0.12
-0.75,-0.98,-0.55,-0.68,-1.45,-0.18
-0.75,-0.98,-0.55,-0.78,-1.39,-0.24
-0.74,-0.98,-0.55,-0.86,-1.35,-0.28
-0.74,-0.98,-0.55,-0.94,-1.31,-0.32
-0.73,-0.97,-0.55,-1.00,-1.29,-0.36
-0.73,-0.97,-0.55,-1.05,-1.27,-0.37
-0.73,-0.97,-0.54,-1.09,-1.26,-0.38
-0.73,-0.96,-0.54,-1.11,-1.26,-0.40
-0.73,-0.96,-0.54,-1.13,-1.24,-0.42
-0.73,-0.95,-0.54,-1.14,-1.24,-0.44
-0.73,-0.95,-0.54,-1.16,-1.23,-0.47
-0.73,-0.95,-0.54,-1.16,-1.21,-0.51
-0.73,-0.94,-0.54,-1.16,-1.18,-0.54
-0.73,-0.94,-0.54,-1.15,-1.15,-0.59
-0.73,-0.93,-0.55,-1.15,-1.13,-0.65
-0.73,-0.92,-0.55,-1.14,-1.11,-0.72
-0.73,-0.92,-0.55,-1.14,-1.08,-0.80
-0.73,-0.91,-0.56,-1.14,-1.05,-0.86
-0.73,-0.91,-0.56,-1.13,-1.03,-0.92
-0.73,-0.90,-0.57,-1.11,-1.03,-0.98
-0.73,-0.89,-0.58,-1.09,-1.04,-1.03
-0.73,-0.89,-0.58,-1.08,-1.05,-1.09
-0.73,-0.88,-0.59,-1.06,-1.05,-1.15
-0.73,-0.88,-0.60,-1.05,-1.06,-1.20
-0.73,-0.87,-0.61,-1.05,-1.07,-1.24
-0.73,-0.87,-0.62,-1.05,-1.09,-1.27
-0.73,-0.86,-0.63,-1.05,-1.11,-1.28
-0.72,-0.86,-0.65,-1.05,-1.11,-1.31
-0.72,-0.86,-0.66,-1.06,-1.11,-1.33
-0.72,-0.85,-0.67,-1.03,-1.08,-1.31
-0.72,-0.85,-0.68,-1.06,-1.09,-1.30
-0.72,-0.85,-0.70,-1.05,-1.14,-1.26
-0.72,-0.84,-0.71,-1.06,-1.17,-1.23
-0.72,-0.84,-0.72,-1.06,-1.20,-1.15
-0.72,-0.84,-0.73,-1.07,-1.23,-1.05
-0.72,-0.84,-0.74,-1.08,-1.24,-0.97
-0.72,-0.84,-0.74,-1.09,-1.26,-0.88
-0.72,-0.84,-0.75,-1.11,-1.30,-0.81
-0.72,-0.84,-0.76,-1.12,-1.32,-0.77
-0.72,-0.84,-0.76,-1.12,-1.34,-0.71
-0.72,-0.84,-0.77,-1.13,-1.36,-0.66
-0.72,-0.84,-0.77,-1.14,-1.39,-0.61
-0.72,-0.84,-0.78,-1.15,-1.41,-0.57
-0.72,-0.84,-0.78,-1.17,-1.43,-0.55
-0.72,-0.85,-0.78,-1.18,-1.45,-0.54
-0.72,-0.85,-0.78,-1.20,-1.45,-0.55
-0.72,-0.85,-0.79,-1.21,-1.47,-0.55
-0.72,-0.85,-0.79,-1.22,-1.48,-0.56
-0.73,-0.86,-0.79,-1.23,-1.49,-0.55
-0.73,-0.86,-0.79,-1.24,-1.49,-0.53
-0.73,-0.86,-0.80,-1.24,-1.49,-0.51
-0.73,-0.87,-0.80,-1.25,-1.49,-0.51
-0.73,-0.87,-0.80,-1.25,-1.50,-0.50
-0.74,-0.87,-0.80,-1.26,-1.51,-0.49
-0.74,-0.87,-0.80,-1.26,-1.51,-0.44
-0.74,-0.88,-0.80,-1.27,-1.50,-0.39
-0.74,-0.88,-0.80,-1.28,-1.50,-0.35
-0.74,-0.88,-0.80,-1.27,-1.50,-0.34
-0.75,-0.88,-0.80,-1.27,-1.51,-0.35
-0.75,-0.89,-0.80,-1.27,-1.53,-0.35
-0.75,-0.89,-0.80,-1.27,-1.53,-0.35
-0.75,-0.89,-0.80,-1.27,-1.54,-0.36
-0.75,-0.89,-0.80,-1.26,-1.54,-0.36
-0.76,-0.90,-0.80,-1.26,-1.55,-0.38
-0.76,-0.90,-0.80,-1.26,-1.54,-0.39
-0.76,-0.90,-0.80,-1.28,-1.39,-0.28
-0.76,-0.90,-0.81,-1.28,-1.36,-0.27
-0.76,-0.90,-0.81,-1.29,-1.35,-0.29
-0.77,-0.90,-0.81,-1.29,-1.35,-0.29
-0.77,-0.90,-0.81,-1.29,-1.36,-0.28
-0.77,-0.90,-0.81,-1.29,-1.36,-0.29
-0.77,-0.90,-0.81,-1.29,-1.37,-0.29
-0.77,-0.90,-0.81,-1.28,-1.38,-0.28
-0.77,-0.90,-0.81,-1.27,-1.39,-0.27
-0.77,-0.90,-0.81,-1.26,-1.38,-0.27
-0.78,-0.90,-0.81,-1.26,-1.38,-0.28
-0.78,-0.90,-0.81,-1.25,-1.38,-0.29
-0.78,-0.90,-0.81,-1.24,-1.41,-0.28
-0.78,-0.90,-0.81,-1.25,-1.42,-0.29
-0.78,-0.90,-0.81,-1.26,-1.42,-0.29
-0.78,-0.90,-0.81,-1.25,-1.43,-0.27
-0.78,-0.90,-0.81,-1.26,-1.42,-0.28
-0.78,-0.90,-0.81,-1.26,-1.42,-0.28
-0.78,-0.90,-0.81,-1.25,-1.43,-0.28
-0.78,-0.90,-0.81,-1.24,-1.43,-0.26
-0.78,-0.90,-0.81,-1.23,-1.42,-0.26
-0.78,-0.90,-0.82,-1.22,-1.45,-0.28
-0.78,-0.90,-0.82,-1.28,-1.47,-0.32
-0.79,-0.91,-0.82,-1.27,-1.43,-0.32
-0.79,-0.91,-0.82,-1.26,-1.44,-0.31
-0.79,-0.91,-0.82,-1.26,-1.45,-0.30
-0.79,-0.91,-0.82,-1.26,-1.45,-0.30
-0.79,-0.91,-0.82,-1.26,-1.46,-0.30
-0.79,-0.91,-0.83,-1.26,-1.47,-0.30
-0.79,-0.91,-0.83,-1.26,-1.48,-0.29
-0.79,-0.91,-0.83,-1.25,-1.48,-0.29
-0.79,-0.91,-0.83,-1.25,-1.48,-0.29
-0.79,-0.91,-0.83,-1.24,-1.48,-0.29
-0.79,-0.92,-0.83,-1.24,-1.48,-0.29
-0.79,-0.92,-0.83,-1.23,-1.48,-0.29
-0.79,-0.92,-0.83,-1.23,-1.48,-0.29
-0.79,-0.92,-0.83,-1.23,-1.48,-0.29
-0.79,-0.92,-0.83,-1.23,-1.48,-0.29
-0.79,-0.92,-0.83,-1.23,-1.48,-0.30
-0.79,-0.92,-0.83,-1.23,-1.48,-0.30
-0.79,-0.92,-0.83,-1.22,-1.47,-0.31
-0.79,-0.92,-0.83,-1.22,-1.47,-0.31
-0.79,-0.92,-0.84,-1.22,-1.47,-0.31
-0.79,-0.92,-0.84,-1.21,-1.47,-0.31
-0.79,-0.93,-0.84,-1.21,-1.47,-0.31
-0.79,-0.93,-0.84,-1.21,-1.47,-0.32
-0.79,-0.93,-0.84,-1.21,-1.47,-0.32
-0.79,-0.93,-0.84,-1.20,-1.47,-0.32
-0.79,-0.93,-0.84,-1.20,-1.46,-0.32
-0.79,-0.93,-0.84,-1.20,-1.46,-0.32
-0.79,-0.93,-0.85,-1.20,-1.46,-0.32
-0.79,-0.93,-0.85,-1.19,-1.46,-0.32
-0.79,-0.93,-0.85,-1.19,-1.46,-0.32
-0.79,-0.93,-0.85,-1.19,-1.46,-0.32
-0.79,-0.93,-0.86,-1.19,-1.46,-0.32
-0.79,-0.93,-0.86,-1.18,-1.46,-0.32
-0.79,-0.93,-0.86,-1.18,-1.46,-0.32
-0.79,-0.93,-0.86,-1.17,-1.45,-0.31
-0.79,-0.93,-0.86,-1.17,-1.45,-0.31
-0.78,-0.93,-0.86,-1.17,-1.45,-0.31
-0.78,-0.93,-0.86,-1.16,-1.45,-0.30
-0.78,-0.93,-0.86,-1.16,-1.45,-0.30
-0.78,-0.93,-0.86,-1.16,-1.44,-0.31
-0.78,-0.93,-0.86,-1.16,-1.44,-0.31
-0.78,-0.93,-0.86,-1.16,-1.44,-0.31
-0.78,-0.93,-0.86,-1.16,-1.44,-0.31
-0.78,-0.93,-0.86,-1.16,-1.44,-0.31
-0.78,-0.93,-0.86,-1.16,-1.43,-0.32
-0.78,-0.93,-0.86,-1.16,-1.43,-0.32
-0.78,-0.93,-0.86,-1.15,-1.43,-0.32
-0.78,-0.93,-0.86,-1.15,-1.43,-0.32
-0.78,-0.93,-0.86,-1.15,-1.42,-0.32
-0.77,-0.93,-0.86,-1.14,-1.42,-0.32
-0.77,-0.93,-0.86,-1.14,-1.42,-0.32
-0.77,-0.93,-0.86,-1.15,-1.41,-0.33
-0.77,-0.93,-0.86,-1.14,-1.40,-0.33
-0.77,-0.93,-0.86,-1.15,-1.39,-0.35
-0.77,-0.93,-0.86,-1.15,-1.38,-0.35
-0.77,-0.93,-0.86,-1.15,-1.38,-0.35
-0.77,-0.93,-0.86,-1.15,-1.38,-0.35
-0.77,-0.93,-0.86,-1.15,-1.37,-0.35
-0.77,-0.92,-0.86,-1.15,-1.37,-0.35
-0.77,-0.92,-0.86,-1.15,-1.37,-0.35
-0.77,-0.92,-0.86,-1.14,-1.37,-0.35
-0.77,-0.92,-0.86,-1.14,-1.36,-0.35
-0.76,-0.92,-0.86,-1.14,-1.36,-0.35
-0.76,-0.92,-0.86,-1.14,-1.36,-0.35
-0.76,-0.92,-0.86,-1.13,-1.35,-0.35
-0.76,-0.92,-0.86,-1.13,-1.35,-0.34
-0.76,-0.92,-0.86,-1.13,-1.35,-0.34
-0.76,-0.91,-0.85,-1.13,-1.34,-0.34
-0.76,-0.91,-0.85,-1.12,-1.34,-0.34
-0.76,-0.91,-0.85,-1.12,-1.34,-0.34
-0.76,-0.91,-0.85,-1.12,-1.33,-0.34
-0.76,-0.91,-0.85,-1.12,-1.33,-0.33
-0.76,-0.91,-0.85,-1.11,-1.33,-0.33
-0.76,-0.91,-0.84,-1.11,-1.32,-0.33
-0.75,-0.91,-0.84,-1.11,-1.32,-0.33
-0.75,-0.90,-0.84,-1.11,-1.32,-0.32
-0.75,-0.90,-0.84,-1.11,-1.31,-0.32
-0.75,-0.90,-0.84,-1.10,-1.31,-0.32
-0.75,-0.90,-0.84,-1.10,-1.31,-0.32
-0.75,-0.90,-0.84,-1.10,-1.30,-0.32
-0.75,-0.90,-0.84,-1.10,-1.30,-0.32
-0.75,-0.90,-0.84,-1.10,-1.30,-0.32
-0.75,-0.89,-0.84,-1.09,-1.29,-0.32
-0.75,-0.89,-0.84,-1.09,-1.29,-0.32
-0.74,-0.89,-0.83,-1.09,-1.28,-0.32
-0.74,-0.89,-0.83,-1.09,-1.28,-0.31
-0.74,-0.89,-0.83,-1.09,-1.28,-0.31
-0.74,-0.89,-0.83,-1.08,-1.27,-0.31
-0.74,-0.88,-0.83,-1.08,-1.27,-0.31
-0.74,-0.88,-0.83,-1.08,-1.26,-0.31
-0.74,-0.88,-0.83,-1.08,-1.26,-0.31
-0.74,-0.88,-0.83,-1.08,-1.26,-0.31
-0.74,-0.88,-0.83,-1.07,-1.25,-0.31
-0.73,-0.88,-0.83,-1.07,-1.25,-0.31
-0.73,-0.87,-0.83,-1.07,-1.24,-0.31
-0.73,-0.87,-0.83,-1.07,-1.24,-0.30
-0.73,-0.87,-0.83,-1.07,-1.24,-0.30
-0.73,-0.87,-0.83,-1.07,-1.24,-0.30
-0.73,-0.87,-0.82,-1.06,-1.23,-0.30
-0.73,-0.86,-0.83,-1.06,-1.23,-0.30
-0.73,-0.86,-0.83,-1.06,-1.23,-0.30
-0.73,-0.86,-0.83,-1.06,-1.22,-0.30
-0.72,-0.86,-0.83,-1.06,-1.21,-0.30
-0.72,-0.86,-0.83,-1.05,-1.21,-0.30
-0.72,-0.86,-0.83,-1.05,-1.20,-0.30
-0.72,-0.85,-0.83,-1.05,-1.20,-0.30
-0.72,-0.85,-0.83,-1.05,-1.19,-0.30
-0.72,-0.85,-0.83,-1.05,-1.19,-0.30
-0.72,-0.85,-0.83,-1.05,-1.19,-0.30
-0.72,-0.84,-0.83,-1.04,-1.18,-0.29
-0.72,-0.84,-0.83,-1.04,-1.18,-0.29
-0.72,-0.84,-0.83,-1.04,-1.18,-0.29
-0.71,-0.84,-0.83,-1.04,-1.17,-0.29
-0.71,-0.84,-0.83,-1.04,-1.17,-0.29
-0.71,-0.83,-0.83,-1.04,-1.16,-0.29
-0.71,-0.83,-0.83,-1.03,-1.16,-0.29
-0.71,-0.83,-0.83,-1.03,-1.15,-0.29
-0.71,-0.83,-0.83,-1.03,-1.15,-0.29
-0.71,-0.82,-0.83,-1.03,-1.14,-0.29
-0.71,-0.82,-0.83,-1.03,-1.14,-0.29
-0.71,-0.82,-0.83,-1.03,-1.13,-0.29
-0.70,-0.82,-0.83,-1.02,-1.13,-0.29
-0.70,-0.82,-0.83,-1.02,-1.13,-0.28
-0.70,-0.81,-0.83,-1.02,-1.12,-0.28
-0.70,-0.81,-0.83,-1.02,-1.12,-0.28
-0.70,-0.81,-0.83,-1.02,-1.11,-0.28
-0.70,-0.81,-0.83,-1.02,-1.11,-0.28
-0.70,-0.80,-0.83,-1.02,-1.11,-0.28
-0.70,-0.80,-0.83,-1.01,-1.10,-0.28
-0.70,-0.80,-0.83,-1.01,-1.10,-0.28
-0.69,-0.80,-0.83,-1.01,-1.09,-0.28
-0.69,-0.79,-0.83,-1.01,-1.09,-0.28
-0.69,-0.79,-0.83,-1.01,-1.08,-0.28
-0.69,-0.79,-0.83,-1.01,-1.08,-0.28
-0.69,-0.79,-0.83,-1.01,-1.08,-0.28
-0.69,-0.78,-0.83,-1.00,-1.07,-0.28
-0.69,-0.78,-0.83,-1.00,-1.07,-0.28
-0.69,-0.78,-0.82,-1.00,-1.06,-0.27
-0.69,-0.78,-0.82,-1.00,-1.06,-0.27
-0.68,-0.78,-0.82,-1.00,-1.05,-0.28
-0.68,-0.77,-0.82,-1.00,-1.05,-0.28
-0.68,-0.77,-0.82,-1.00,-1.04,-0.27
-0.68,-0.77,-0.82,-1.00,-1.04,-0.27
-0.68,-0.76,-0.82,-1.00,-1.03,-0.27
-0.68,-0.76,-0.82,-0.99,-1.03,-0.27
-0.68,-0.76,-0.82,-0.99,-1.03,-0.27
-0.68,-0.76,-0.82,-0.99,-1.02,-0.26
-0.68,-0.75,-0.82,-0.99,-1.02,-0.26
-0.68,-0.75,-0.82,-0.99,-1.02,-0.26
-0.67,-0.75,-0.82,-0.99,-1.01,-0.26
-0.67,-0.75,-0.81,-0.98,-1.01,-0.26
-0.67,-0.74,-0.81,-0.98,-1.00,-0.26
-0.67,-0.74,-0.81,-0.98,-1.00,-0.25
-0.67,-0.74,-0.81,-0.98,-0.99,-0.25
-0.67,-0.74,-0.81,-0.98,-0.99,-0.25
-0.67,-0.73,-0.81,-0.98,-0.99,-0.25
-0.67,-0.73,-0.81,-0.97,-0.98,-0.24
-0.67,-0.73,-0.81,-0.97,-0.98,-0.24
-0.67,-0.73,-0.81,-0.97,-0.98,-0.24
-0.66,-0.72,-0.81,-0.97,-0.98,-0.23
-0.66,-0.72,-0.81,-0.97,-0.97,-0.23
-0.66,-0.72,-0.81,-0.96,-0.97,-0.22
-0.66,-0.72,-0.80,-0.96,-0.97,-0.22
-0.66,-0.71,-0.80,-0.96,-0.96,-0.22
-0.66,-0.71,-0.80,-0.96,-0.96,-0.22
-0.66,-0.71,-0.80,-0.96,-0.95,-0.22
-0.66,-0.71,-0.80,-0.96,-0.95,-0.22
-0.66,-0.70,-0.80,-0.96,-0.95,-0.22
-0.66,-0.70,-0.80,-0.96,-0.94,-0.22
-0.65,-0.70,-0.80,-0.96,-0.94,-0.22
-0.65,-0.70,-0.80,-0.95,-0.93,-0.22
-0.65,-0.69,-0.80,-0.95,-0.93,-0.22
-0.65,-0.69,-0.80,-0.95,-0.93,-0.22
-0.65,-0.69,-0.80,-0.95,-0.92,-0.21
-0.65,-0.69,-0.80,-0.95,-0.92,-0.22
-0.65,-0.68,-0.80,-0.95,-0.91,-0.22
-0.65,-0.68,-0.80,-0.95,-0.91,-0.22
-0.65,-0.68,-0.80,-0.95,-0.90,-0.22
-0.65,-0.68,-0.80,-0.95,-0.90,-0.22
-0.65,-0.67,-0.80,-0.94,-0.90,-0.21
-0.64,-0.67,-0.80,-0.94,-0.89,-0.21
-0.64,-0.67,-0.80,-0.94,-0.89,-0.21
-0.64,-0.67,-0.80,-0.94,-0.89,-0.21
-0.64,-0.66,-0.80,-0.94,-0.88,-0.20
-0.64,-0.66,-0.80,-0.94,-0.88,-0.20
-0.64,-0.66,-0.79,-0.94,-0.88,-0.20
-0.64,-0.66,-0.79,-0.94,-0.87,-0.20
-0.64,-0.66,-0.79,-0.94,-0.87,-0.20
-0.64,-0.65,-0.79,-0.94,-0.86,-0.20
-0.64,-0.65,-0.79,-0.94,-0.86,-0.20
