P_Pos, P_Vel, Alt_1, Altitude, Acc_X, Acc_Y, Acc_Z
0,0,-0.2,-0.2,0,-0.01,0
0,0,-0.2,-0.2,0,0,0
0,0,-0.2,-0.2,0.01,0,0
0,0,-0.15,-0.15,0,-0.01,0
0,0,-0.22,-0.22,0,0,0
0,0,-0.22,-0.22,0,-0.01,0
0,0,-0.13,-0.13,0.01,-0.01,0.01
0,0,-0.13,-0.13,0,-0.01,0
0,0,-0.15,-0.15,0,-0.01,0
0,0,-0.15,-0.15,0.01,-0.01,0
0,0,-0.13,-0.13,0,-0.01,0.01
0,0,-0.13,-0.13,0,-0.01,0
0,0,-0.1,-0.1,0.01,-0.01,0
0,0,-0.1,-0.1,0,-0.01,0
0,0,-0.06,-0.06,0,-0.01,0
0,0,-0.06,-0.06,0,-0.01,0
0,0,-0.14,-0.14,0,-0.01,0
0,0,-0.14,-0.14,0,-0.01,0
0,0,-0.11,-0.11,0,-0.01,0
0,0,-0.11,-0.11,0.01,-0.01,0
0,0,-0.16,-0.16,0,-0.01,0
0,0,-0.16,-0.16,0,-0.01,0
0,0,-0.1,-0.1,0,-0.01,0.01
0,0,-0.1,-0.1,0,-0.01,0
0,0,0,0,0,-0.01,0.01
0,0,0,0,0,-0.01,0
0,0,-0.02,-0.02,0,-0.01,0
0,0,-0.02,-0.02,0,-0.01,0
0,0,0.01,0.01,0.01,-0.01,0
0,0,0.01,0.01,0,-0.02,0
0,0,-0.03,-0.03,0,-0.01,0
0,0,-0.03,-0.03,0.01,-0.01,0
0,0,-0.01,-0.01,0,-0.01,0
0,0,-0.01,-0.01,0,-0.01,0
0,0,-0.01,-0.01,0,-0.01,0.01
0,0,-0.01,-0.01,0,-0.01,0
0,0,-0.05,-0.05,0,-0.01,0
0,0,-0.05,-0.05,-0.01,-0.01,0
0,0,0.06,0.06,0,-0.01,0
0,0,0.06,0.06,0,-0.01,0
0,0,0.1,0.1,0,-0.01,0
0,0,0.1,0.1,0,-0.01,0
0,0,0.07,0.07,0,-0.01,0
0,0,0.07,0.07,0,-0.01,0
0,0,0.04,0.04,0,-0.02,0
0,0,0.04,0.04,0,-0.01,0
0,0,0.04,0.04,0,-0.01,0
0,0,0.04,0.04,0,-0.02,0
0,0,-0.04,-0.04,0,-0.01,0
0,0,-0.04,-0.04,0,-0.01,0
0,0,0,0,0,-0.02,0
0,0,0,0,0,-0.02,0
0,0,0.03,0.03,0,-0.01,0
0,0,0.03,0.03,0,-0.01,0
0,0,0,0,0,-0.01,0
0,0,0,0,0,-0.02,0
0,0,0,0,0,-0.02,-0.01
0,0,0,0,0,-0.01,0
0,0,0,0,0,-0.01,0
0,0,0,0,0,-0.02,0
0,0,0,0,0,-0.01,0
0,0,0,0,0,-0.02,-0.01
0,0,0,0,0.01,-0.01,0
0,0,-0.07,-0.07,0,-0.01,0
0,0,-0.07,-0.07,0,-0.01,0
0,0,-0.11,-0.11,0,-0.01,0
0,0,-0.11,-0.11,0,-0.02,0
0,0,-0.08,-0.08,0,-0.02,0
0,0,-0.08,-0.08,0,-0.01,0
0,0,-0.08,-0.08,0,-0.02,0
0,0,-0.08,-0.08,0,-0.01,0
0,0,-0.08,-0.08,0,-0.01,0
0,0,-0.08,-0.08,0,-0.02,-0.01
0,0,-0.09,-0.09,-0.01,-0.01,0
0,0,-0.09,-0.09,0,-0.02,0
0,0,-0.11,-0.11,0,-0.01,0
0,0,-0.11,-0.11,0.01,-0.01,0
0,0,-0.02,-0.02,0,-0.02,0
0,0,-0.02,-0.02,0,-0.02,0.01
0,0,0.03,0.03,0,-0.02,0
0,0,0.03,0.03,0,-0.01,0
0,0,0.08,0.08,0.01,-0.02,0
0,0,0.08,0.08,0,-0.01,0
0,0,0.11,0.11,0.01,-0.02,0
0,0,0.11,0.11,0,-0.01,0
0,0,0.12,0.12,0,-0.02,0
0,0,0.12,0.12,0,-0.01,0
0,0,0.17,0.17,0.01,-0.02,0
0,0,0.17,0.17,0,-0.02,-0.01
0,0,0.21,0.21,0,-0.02,0
0,0,0.21,0.21,0,-0.01,0
0,0,0.25,0.25,0,-0.02,0
0,0,0.25,0.25,0,-0.01,0
0,0,0.34,0.34,0,-0.02,0
0,0,0.34,0.34,0,-0.02,0
0,0,0.26,0.26,0,-0.01,0
0,0,0.26,0.26,0,-0.02,0
0,0,0.25,0.25,0,-0.02,0
0,0,0.25,0.25,0,-0.02,0
0,0,0.23,0.23,0,-0.01,0
0.01,0,0.23,0.23,0,-0.01,0
0.01,0,0.21,0.21,0,-0.02,0
0.01,0,0.21,0.21,0,-0.02,0
0.01,0,0.18,0.18,0,-0.01,0
0.01,0,0.18,0.18,0,-0.02,0
0.01,0,0.14,0.14,0,-0.02,0
0.01,0,0.14,0.14,0,-0.02,0
0.01,0,0.16,0.16,0,-0.02,0
0.01,0,0.16,0.16,0,-0.02,-0.01
0.01,0,0.16,0.16,0,-0.02,0
0.01,0,0.16,0.16,0,-0.02,0
0.01,0,0.12,0.12,0,-0.01,0
0.01,0,0.12,0.12,0,-0.02,0
0.01,0,0.12,0.12,0,-0.02,0
0.01,0,0.13,0.13,0,-0.02,0
0.01,0,0.13,0.13,0,-0.02,0
0.01,0,0.14,0.14,0,-0.01,0
0.01,0,0.14,0.14,0,-0.02,0
0.01,0,0.03,0.03,0,-0.01,0
0.01,0,0.03,0.03,0,-0.02,0
0.01,0,0.03,0.03,0,-0.02,0
0.01,0,0.03,0.03,0,-0.02,0
0.01,0,0.06,0.06,0,-0.02,0
0.01,0,0.06,0.06,0,-0.01,0
0.01,0,0.07,0.07,0,-0.01,0
0.01,0,0.07,0.07,0,-0.02,0
0.01,0,0.1,0.1,0,-0.02,0
0.02,0,0.1,0.1,0,-0.01,0
0.02,0,0.12,0.12,0,-0.01,0
0.02,0,0.12,0.12,0,-0.02,0
0.02,0,0.11,0.11,0,-0.02,0
0.02,0,0.11,0.11,0,-0.02,0
0.02,0,0.07,0.07,0,-0.02,0
0.02,0,0.07,0.07,0,-0.02,0
0.02,0,0.08,0.08,-0.01,-0.02,-0.01
0.02,0,0.08,0.08,0,-0.02,0
0.02,0,0.07,0.07,0,-0.02,0
0.02,0,0.07,0.07,0,-0.02,0.01
0.02,0,0.08,0.08,0,-0.02,-0.01
0.02,0,0.08,0.08,0,-0.02,0
0.02,0,0.04,0.04,0,-0.02,0
0.02,0,0.04,0.04,0,-0.02,0
0.02,0,-0.01,-0.01,0,-0.02,0
0.02,0,-0.01,-0.01,0.01,-0.02,0
0.02,0,-0.04,-0.04,0,-0.02,0
0.02,0,-0.04,-0.04,0,-0.02,0
0.02,0,-0.04,-0.04,0,-0.01,0
0.02,0,-0.04,-0.04,0,-0.02,0
0.02,0,-0.06,-0.06,0,-0.02,0
0.02,0,-0.06,-0.06,0,-0.02,0
0.02,0,0.01,0.01,0,-0.02,0
0.02,0,0.01,0.01,0,-0.02,0
0.02,0,0.01,0.01,0,-0.02,0
0.02,0,0.01,0.01,0,-0.02,0
0.02,0,-0.01,-0.01,0,-0.02,0
0.02,0,-0.01,-0.01,0,-0.02,0
0.02,0,-0.01,-0.01,0,-0.02,0
0.02,0,-0.01,-0.01,0,-0.02,0
0.02,0,0.08,0.08,0,-0.02,0
0.02,0,0.08,0.08,0,-0.02,0
0.02,0,0.08,0.08,0,-0.02,0
0.02,0,0.08,0.08,0,-0.02,0
0.02,0,0.05,0.05,0,-0.02,0
0.02,0,0.05,0.05,0,-0.02,0.01
0.02,0,-0.01,-0.01,0,-0.02,0
0.02,0,-0.01,-0.01,0,-0.02,0
0.02,0,0.02,0.02,0,-0.02,0
0.02,0,0.02,0.02,0,-0.02,0
0.02,0,0.02,0.02,0,-0.02,0
0.02,0,0.01,0.01,0,-0.03,0
0.02,0,0.01,0.01,0.01,-0.02,0
0.02,0,0.01,0.01,0,-0.02,-0.01
0.02,0,0.01,0.01,0,-0.03,0
0.02,0,0.05,0.05,0,-0.02,0
0.02,0,0.05,0.05,0,-0.02,0
0.02,0,0.02,0.02,0,-0.02,-0.01
0.02,0,0.02,0.02,0,-0.02,-0.01
0.02,0,0.02,0.02,0,-0.02,0
0.02,0,0.02,0.02,-0.01,-0.02,0
0.02,0,0.03,0.03,0,-0.02,0
0.02,0,0.03,0.03,-0.01,-0.03,0
0.02,-0.01,-0.02,-0.02,0,-0.02,0
0.02,-0.01,-0.02,-0.02,-0.01,-0.02,0
0.02,-0.01,0.04,0.04,0,-0.02,0
0.02,-0.01,0.04,0.04,0,-0.02,0
0.02,-0.01,0.02,0.02,0,-0.02,0
0.02,-0.01,0.02,0.02,0,-0.02,0
0.02,-0.01,0.06,0.06,0,-0.02,0
0.02,-0.01,0.06,0.06,0,-0.02,0
0.02,-0.01,0.09,0.09,-0.01,-0.02,0
0.02,-0.01,0.09,0.09,-0.01,-0.03,0
0.02,-0.01,0.1,0.1,0,-0.02,0
0.02,-0.01,0.1,0.1,0,-0.02,0
0.02,-0.01,0.15,0.15,0,-0.02,0
0.02,-0.01,0.15,0.15,0,-0.02,0
0.02,-0.01,0.16,0.16,-0.01,-0.02,0
0.02,-0.01,0.16,0.16,0,-0.02,0
0.02,-0.01,0.16,0.16,0,-0.02,0
0.02,-0.01,0.16,0.16,0,-0.02,0
0.02,-0.01,0.17,0.17,0,-0.02,0
0.02,-0.01,0.17,0.17,0,-0.02,0
0.02,-0.01,0.15,0.15,0,-0.02,0
0.02,-0.01,0.15,0.15,0,-0.02,0
0.03,-0.01,0.15,0.15,0,-0.02,0
0.03,-0.01,0.15,0.15,0,-0.02,0
0.03,-0.01,0.1,0.1,0,-0.02,0
0.03,-0.01,0.1,0.1,0,-0.02,0
0.03,-0.01,0.05,0.05,0,-0.02,0
0.03,-0.01,0.05,0.05,0,-0.03,0
0.03,-0.01,0.01,0.01,0,-0.02,0
0.03,-0.01,0.01,0.01,0,-0.02,-0.01
0.03,-0.01,0.06,0.06,0,-0.02,0
0.03,-0.01,0.06,0.06,0,-0.03,0
0.03,-0.01,0.05,0.05,0,-0.02,0
0.03,-0.01,0.05,0.05,0,-0.02,0
0.03,-0.01,0.08,0.08,0,-0.02,0
0.03,-0.01,0.08,0.08,0.01,-0.02,0
0.03,-0.01,0.12,0.12,0,-0.02,0
0.03,-0.01,0.12,0.12,0,-0.02,0
0.03,-0.01,0.11,0.11,0,-0.02,0
0.03,-0.01,0.11,0.11,0,-0.03,0
0.03,-0.01,0.15,0.15,0,-0.02,0
0.03,-0.01,0.15,0.15,0,-0.02,0
0.03,-0.01,0.15,0.15,0,-0.02,0
0.03,-0.01,0.16,0.16,0,-0.02,0
0.03,-0.01,0.16,0.16,0,-0.02,-0.01
0.03,-0.01,0.15,0.15,0,-0.03,0
0.03,-0.01,0.15,0.15,0,-0.02,0
0.03,-0.01,0.14,0.14,0,-0.02,0
0.03,-0.01,0.14,0.14,0,-0.03,0
0.03,-0.01,0.15,0.15,0,-0.02,0
0.03,-0.01,0.15,0.15,0,-0.02,0
0.03,-0.01,0.08,0.08,0,-0.02,0
0.03,-0.01,0.08,0.08,0,-0.03,0
0.04,-0.01,0.1,0.1,0,-0.02,0
0.04,-0.01,0.1,0.1,0,-0.02,0
0.04,-0.01,0.12,0.12,0.01,-0.03,0
0.04,-0.01,0.12,0.12,0,-0.02,-0.01
0.04,-0.01,0.08,0.08,0,-0.02,0
0.04,-0.01,0.08,0.08,0.01,-0.03,0
0.04,-0.01,0.08,0.08,0,-0.03,0
0.04,-0.01,0.08,0.08,0,-0.02,0
0.04,-0.02,0.04,0.04,0,-0.02,0
0.04,-0.02,0.04,0.04,-0.01,-0.02,0
0.04,-0.02,0.04,0.04,0,-0.02,0
0.04,-0.02,0.04,0.04,0,-0.02,0
0.03,-0.02,-0.07,-0.07,0,-0.03,0
0.03,-0.02,-0.07,-0.07,0,-0.02,-0.01
0.03,-0.02,-0.11,-0.11,0,-0.03,0
0.03,-0.02,-0.11,-0.11,0,-0.03,0
0.03,-0.02,-0.11,-0.11,0.01,-0.03,0
0.03,-0.02,-0.11,-0.11,0,-0.03,0
0.03,-0.02,-0.14,-0.14,0,-0.03,0
0.02,-0.02,-0.14,-0.14,0,-0.02,0
0.02,-0.02,-0.11,-0.11,0,-0.03,0
0.02,-0.02,-0.11,-0.11,0,-0.02,0
0.02,-0.02,-0.02,-0.02,0,-0.03,0
0.02,-0.02,-0.02,-0.02,0,-0.02,0
0.02,-0.02,0.02,0.02,-0.01,-0.03,-0.01
0.02,-0.02,0.02,0.02,0,-0.02,0
0.02,-0.02,0.05,0.05,0,-0.02,0
0.02,-0.02,0.05,0.05,0,-0.02,0
0.02,-0.02,-0.02,-0.02,0,-0.03,0
0.02,-0.02,-0.02,-0.02,0,-0.03,0
0.02,-0.02,0.05,0.05,0,-0.02,0
0.02,-0.02,0.05,0.05,0,-0.02,0
0.02,-0.02,0.05,0.05,0,-0.03,0
0.02,-0.02,0.05,0.05,0,-0.03,0
0.02,-0.02,0.08,0.08,0,-0.02,0
0.02,-0.02,0.08,0.08,0,-0.02,0
0.02,-0.02,0.09,0.09,0,-0.02,0
0.02,-0.02,0.09,0.09,-0.01,-0.03,0
0.02,-0.02,0.08,0.08,0,-0.02,-0.01
0.02,-0.02,0.08,0.08,0,-0.02,0
0.02,-0.02,0.06,0.06,0,-0.02,0
0.02,-0.02,0.06,0.06,0,-0.03,-0.01
0.02,-0.02,0.08,0.08,0,-0.03,0
0.02,-0.02,0.08,0.08,0,-0.03,0
0.02,-0.02,0.09,0.09,0,-0.03,0
0.02,-0.02,0.09,0.09,0,-0.03,0
0.02,-0.02,0.09,0.09,0,-0.03,0
0.02,-0.02,0.13,0.13,0,-0.03,0
0.02,-0.02,0.13,0.13,0,-0.02,0
0.02,-0.02,0.05,0.05,0,-0.02,0
0.02,-0.02,0.05,0.05,0,-0.02,0
0.02,-0.03,0.05,0.05,-0.01,-0.02,0
0.02,-0.03,0.05,0.05,-0.01,-0.03,0
0.02,-0.03,0.02,0.02,0,-0.02,0
0.02,-0.03,0.02,0.02,0,-0.02,0
0.02,-0.03,0.02,0.02,0,-0.03,0
0.02,-0.03,0.02,0.02,-0.01,-0.02,0
0.02,-0.03,-0.02,-0.02,0,-0.03,0
0.01,-0.03,-0.02,-0.02,0,-0.02,0
0.01,-0.03,-0.07,-0.07,0,-0.03,0
0.01,-0.03,-0.07,-0.07,0,-0.02,0
0.01,-0.03,-0.05,-0.05,0,-0.02,0
0.01,-0.03,-0.05,-0.05,0,-0.02,0
0.01,-0.03,-0.02,-0.02,-0.01,-0.02,0
0.01,-0.03,-0.02,-0.02,0,-0.02,0
0.01,-0.03,0.02,0.02,0,-0.02,0
0.01,-0.03,0.02,0.02,0,-0.01,0
0.01,-0.03,0.01,0.01,0,-0.03,0
0.01,-0.03,0.01,0.01,0,-0.02,0
0.01,-0.03,-0.02,-0.02,0,-0.02,0
0.01,-0.03,-0.02,-0.02,0,-0.02,0
0,-0.03,-0.07,-0.07,-0.01,-0.02,0
0,-0.03,-0.07,-0.07,-0.01,-0.02,-0.01
0,-0.03,-0.06,-0.06,-0.01,-0.02,0
0,-0.03,-0.06,-0.06,0,-0.02,0
0,-0.03,-0.03,-0.03,-0.01,-0.02,0
0,-0.03,-0.03,-0.03,0,-0.02,0
0,-0.03,-0.05,-0.05,0,-0.02,0
0,-0.03,-0.05,-0.05,0,-0.02,0
0,-0.03,-0.06,-0.06,0,-0.02,0
0,-0.03,-0.06,-0.06,-0.01,-0.02,0
-0.01,-0.03,-0.07,-0.07,0,-0.02,0
-0.01,-0.03,-0.07,-0.07,-0.01,-0.01,0
-0.01,-0.03,-0.14,-0.14,-0.01,-0.02,0
-0.01,-0.03,-0.14,-0.14,0,-0.02,0
-0.01,-0.03,-0.13,-0.13,-0.01,-0.02,0
-0.01,-0.03,-0.13,-0.13,0,-0.02,0
-0.01,-0.03,-0.05,-0.05,0,-0.02,0
-0.01,-0.03,-0.05,-0.05,-0.01,-0.01,0
-0.02,-0.03,-0.07,-0.07,0,-0.02,0
-0.02,-0.04,-0.07,-0.07,0,-0.02,0
-0.02,-0.03,-0.02,-0.02,-0.01,-0.02,0
-0.02,-0.04,-0.02,-0.02,-0.01,-0.02,0
-0.02,-0.03,-0.02,-0.02,0,-0.02,0
-0.02,-0.03,-0.02,-0.02,0,-0.02,0
-0.02,-0.03,0.01,0.01,-0.01,-0.02,0
-0.02,-0.03,0.01,0.01,0,-0.02,0
-0.02,-0.03,-0.05,-0.05,-0.01,-0.02,0
-0.02,-0.03,-0.05,-0.05,-0.01,-0.01,0
-0.02,-0.03,-0.05,-0.05,-0.01,-0.02,0
-0.02,-0.03,-0.05,-0.05,0,-0.02,-0.01
-0.02,-0.03,-0.05,-0.05,-0.01,-0.02,0
-0.02,-0.03,-0.06,-0.06,-0.01,0,0
-0.03,-0.03,-0.06,-0.06,0,-0.01,0
-0.03,-0.03,-0.1,-0.1,0,-0.02,0
-0.03,-0.03,-0.1,-0.1,0,-0.01,0
-0.03,-0.03,-0.05,-0.05,0,-0.01,0
-0.03,-0.03,-0.05,-0.05,0,-0.01,0
-0.03,-0.03,-0.05,-0.05,0,-0.01,0
-0.03,-0.03,-0.05,-0.05,-0.01,-0.01,0
-0.03,-0.03,-0.03,-0.03,-0.01,-0.01,0
-0.03,-0.03,-0.03,-0.03,-0.01,-0.01,0
-0.03,-0.03,-0.05,-0.05,-0.01,-0.01,0
-0.03,-0.03,-0.05,-0.05,-0.01,-0.02,0
-0.03,-0.03,0.04,0.04,0,-0.01,0
-0.03,-0.03,0.04,0.04,0,-0.01,0
-0.03,-0.03,0.01,0.01,-0.01,-0.02,0
-0.03,-0.03,0.01,0.01,0,-0.01,0
-0.03,-0.03,0.03,0.03,-0.01,-0.02,0
-0.03,-0.03,0.03,0.03,-0.01,-0.01,0.01
-0.03,-0.03,0.06,0.06,-0.01,-0.02,0
-0.03,-0.03,0.06,0.06,-0.01,-0.01,-0.01
-0.03,-0.03,0.1,0.1,-0.01,-0.02,0
-0.03,-0.03,0.1,0.1,-0.01,-0.02,-0.01
-0.03,-0.03,0.06,0.06,-0.01,-0.01,-0.01
-0.03,-0.03,0.06,0.06,-0.01,-0.02,0
-0.03,-0.03,0.13,0.13,-0.01,-0.01,0
-0.03,-0.03,0.13,0.13,-0.01,-0.02,0
-0.03,-0.03,0.06,0.06,-0.01,-0.01,0
-0.03,-0.03,0.06,0.06,-0.01,-0.01,0
-0.03,-0.03,0.16,0.16,-0.01,-0.02,0
-0.03,-0.03,0.16,0.16,-0.01,-0.01,0
-0.03,-0.03,0.17,0.17,0,-0.01,0
-0.03,-0.03,0.17,0.17,-0.01,-0.01,0
-0.03,-0.03,0.21,0.21,0,-0.02,0
-0.03,-0.03,0.21,0.21,-0.01,-0.01,0
-0.03,-0.03,0.17,0.17,0,-0.01,-0.01
-0.03,-0.03,0.17,0.17,-0.01,-0.01,0
-0.03,-0.03,0.13,0.13,-0.01,-0.01,0
-0.02,-0.03,0.13,0.13,-0.01,-0.01,0
-0.02,-0.03,0.09,0.09,-0.01,-0.01,0
-0.02,-0.03,0.09,0.09,-0.01,-0.01,0
-0.02,-0.03,0.1,0.1,-0.01,-0.01,0
-0.02,-0.03,0.1,0.1,0,-0.01,0
-0.02,-0.03,0.1,0.1,-0.01,-0.01,0
-0.02,-0.03,0.1,0.1,-0.01,-0.01,0
-0.02,-0.03,0.08,0.08,-0.01,-0.01,0
-0.02,-0.03,0.08,0.08,-0.01,-0.01,0
-0.02,-0.03,0.16,0.16,-0.01,-0.01,0
-0.02,-0.03,0.16,0.16,-0.01,-0.01,0
-0.02,-0.03,0.21,0.21,0,-0.01,0
-0.02,-0.03,0.21,0.21,0,-0.01,0
-0.02,-0.03,0.13,0.13,-0.02,-0.01,0
-0.02,-0.03,0.13,0.13,-0.01,-0.01,-0.01
-0.02,-0.03,0.13,0.13,-0.01,-0.01,-0.01
-0.02,-0.03,0.15,0.15,-0.01,-0.01,0
-0.02,-0.03,0.15,0.15,-0.01,-0.01,0
-0.02,-0.03,0.09,0.09,-0.01,-0.01,0
-0.02,-0.03,0.09,0.09,-0.01,-0.01,0
-0.02,-0.03,0.14,0.14,-0.01,-0.01,0
-0.02,-0.03,0.14,0.14,-0.01,0,0
-0.02,-0.03,0.21,0.21,-0.01,-0.01,0
-0.01,-0.03,0.21,0.21,-0.01,-0.01,0
-0.01,-0.03,0.23,0.23,-0.01,-0.01,0
-0.01,-0.03,0.23,0.23,-0.01,-0.01,0
-0.01,-0.03,0.23,0.23,-0.01,-0.01,0
-0.01,-0.03,0.23,0.23,-0.01,0,0
-0.01,-0.03,0.19,0.19,-0.01,-0.02,0
-0.01,-0.03,0.19,0.19,-0.01,-0.01,0
-0.01,-0.03,0.16,0.16,-0.01,-0.01,0
-0.01,-0.03,0.16,0.16,-0.01,-0.01,0
-0.01,-0.03,0.17,0.17,-0.01,-0.01,0
-0.01,-0.03,0.17,0.17,-0.01,-0.01,0
-0.01,-0.03,0.13,0.13,-0.01,-0.01,0
-0.01,-0.03,0.13,0.13,-0.01,-0.01,0
-0.01,-0.03,0.02,0.02,-0.01,-0.01,0
-0.01,-0.03,0.02,0.02,-0.01,-0.01,0
-0.01,-0.03,0.06,0.06,-0.01,-0.01,0
-0.01,-0.03,0.06,0.06,-0.01,-0.01,0
-0.01,-0.03,0.09,0.09,-0.01,-0.01,0.01
-0.01,-0.03,0.09,0.09,-0.01,0,0
-0.01,-0.03,0.05,0.05,-0.01,-0.01,0
-0.01,-0.03,0.05,0.05,-0.02,-0.01,0
-0.01,-0.03,0.06,0.06,-0.01,-0.01,0
-0.01,-0.03,0.06,0.06,-0.01,-0.01,0
-0.01,-0.03,0.08,0.08,-0.01,-0.01,0
-0.01,-0.03,0.08,0.08,-0.01,-0.01,-0.01
-0.01,-0.03,0.06,0.06,-0.01,0,0
-0.01,-0.03,0.06,0.06,-0.01,-0.01,0
-0.01,-0.03,-0.03,-0.03,-0.01,-0.01,0
-0.01,-0.03,-0.03,-0.03,-0.01,-0.01,0
-0.01,-0.03,-0.06,-0.06,-0.01,-0.01,0
-0.01,-0.03,-0.06,-0.06,-0.01,-0.01,0
-0.01,-0.03,-0.13,-0.13,-0.01,0,0
-0.01,-0.03,-0.13,-0.13,-0.02,0,0
-0.01,-0.03,-0.09,-0.09,-0.01,-0.01,0
-0.01,-0.03,-0.09,-0.09,-0.01,-0.01,0
-0.02,-0.03,-0.1,-0.1,-0.02,-0.01,0
-0.02,-0.03,-0.1,-0.1,-0.01,-0.01,0
-0.02,-0.03,-0.02,-0.02,-0.02,-0.01,0
-0.02,-0.03,-0.02,-0.02,-0.01,-0.01,0
-0.02,-0.03,0.04,0.04,-0.01,-0.01,0
-0.02,-0.03,0.04,0.04,-0.01,-0.01,0
-0.02,-0.03,-0.02,-0.02,-0.01,-0.01,0
-0.02,-0.03,-0.02,-0.02,-0.01,-0.01,0
-0.02,-0.03,-0.03,-0.03,-0.01,-0.01,-0.01
-0.02,-0.03,-0.03,-0.03,-0.01,0,0
-0.02,-0.03,-0.04,-0.04,0,0,0
-0.02,-0.03,-0.04,-0.04,-0.01,0,0
-0.02,-0.03,-0.04,-0.04,-0.01,0,0
-0.02,-0.03,-0.09,-0.09,-0.01,-0.01,0
-0.02,-0.03,-0.09,-0.09,-0.01,-0.01,0
-0.03,-0.03,-0.16,-0.16,-0.01,-0.01,0
-0.03,-0.03,-0.16,-0.16,-0.01,0,0
-0.03,-0.03,-0.06,-0.06,-0.01,-0.01,0
-0.03,-0.03,-0.06,-0.06,0,0,0
-0.03,-0.03,-0.11,-0.11,-0.01,-0.01,0
-0.03,-0.03,-0.11,-0.11,-0.01,0,0
-0.03,-0.03,-0.1,-0.1,-0.01,-0.01,0
-0.03,-0.03,-0.1,-0.1,-0.01,0,0
-0.03,-0.03,-0.09,-0.09,-0.01,-0.01,-0.01
-0.03,-0.03,-0.09,-0.09,-0.02,-0.01,-0.01
-0.03,-0.03,-0.03,-0.03,-0.01,-0.01,0
-0.03,-0.03,-0.03,-0.03,-0.01,-0.01,0
-0.04,-0.03,-0.07,-0.07,-0.01,-0.01,0
-0.04,-0.03,-0.07,-0.07,-0.02,0,0
-0.04,-0.03,-0.03,-0.03,-0.01,0,0
-0.04,-0.03,-0.03,-0.03,-0.01,0,0
-0.04,-0.03,-0.06,-0.06,-0.01,-0.01,0
-0.04,-0.03,-0.06,-0.06,-0.01,0,0
-0.04,-0.03,-0.06,-0.06,-0.01,-0.01,0
-0.04,-0.03,-0.06,-0.06,-0.01,0,0
-0.04,-0.03,-0.02,-0.02,-0.01,-0.01,0
-0.04,-0.03,-0.02,-0.02,-0.01,0,-0.01
-0.04,-0.03,-0.04,-0.04,-0.01,0,0
-0.04,-0.03,-0.04,-0.04,-0.02,-0.01,0
-0.04,-0.03,-0.16,-0.16,-0.01,0,0
-0.04,-0.03,-0.16,-0.16,-0.01,-0.01,0
-0.05,-0.03,-0.07,-0.07,-0.01,0,0
-0.05,-0.03,-0.07,-0.07,-0.01,-0.01,0
-0.05,-0.03,-0.11,-0.11,-0.02,0,0
-0.05,-0.03,-0.11,-0.11,-0.01,0,0
-0.05,-0.03,-0.02,-0.02,-0.02,0,0
-0.05,-0.04,-0.02,-0.02,-0.01,-0.01,0
-0.05,-0.04,-0.1,-0.1,-0.02,0,0
-0.05,-0.04,-0.1,-0.1,-0.01,0,0
-0.05,-0.03,-0.05,-0.05,-0.01,0,0.01
-0.05,-0.03,-0.05,-0.05,-0.02,-0.01,0
-0.05,-0.03,-0.03,-0.03,-0.02,0,0
-0.05,-0.03,-0.03,-0.03,-0.01,0,0
-0.05,-0.03,0.02,0.02,-0.01,0,0
-0.05,-0.03,0.02,0.02,-0.01,0,0
-0.05,-0.03,-0.03,-0.03,-0.02,-0.01,0
-0.05,-0.03,-0.03,-0.03,-0.01,-0.01,0
-0.05,-0.03,0.03,0.03,-0.01,0,0
-0.05,-0.03,0.03,0.03,-0.01,0,0
-0.05,-0.03,0.07,0.07,-0.01,-0.01,0
-0.05,-0.03,0.07,0.07,-0.02,0,0
-0.05,-0.03,0,0,-0.02,0,0
-0.05,-0.03,0,0,-0.02,-0.01,0
-0.06,-0.03,0.02,0.02,-0.01,0,0
-0.06,-0.03,0.02,0.02,-0.01,0,0
-0.06,-0.03,0.02,0.02,-0.01,0,0.01
-0.06,-0.03,0.03,0.03,-0.01,0,0
-0.06,-0.03,0.03,0.03,-0.01,0,0
-0.06,-0.03,0.02,0.02,-0.01,0,0
-0.06,-0.03,0.02,0.02,-0.01,0,0
-0.06,-0.03,-0.04,-0.04,-0.01,0,0
-0.06,-0.03,-0.04,-0.04,-0.02,-0.01,0
-0.06,-0.03,-0.07,-0.07,-0.01,0,0
-0.06,-0.03,-0.07,-0.07,-0.02,0,-0.01
-0.06,-0.03,-0.1,-0.1,-0.01,0,0
-0.06,-0.03,-0.1,-0.1,-0.01,0,0
-0.06,-0.03,-0.17,-0.17,-0.01,0,0
-0.06,-0.03,-0.17,-0.17,-0.01,0,0
-0.06,-0.03,-0.16,-0.16,-0.02,0,0
-0.06,-0.03,-0.16,-0.16,-0.01,0,0
-0.06,-0.03,-0.11,-0.11,-0.01,0,0
-0.07,-0.03,-0.11,-0.11,-0.01,0,0
-0.07,-0.03,-0.03,-0.03,-0.02,-0.01,0.01
-0.07,-0.03,-0.03,-0.03,-0.01,0,0
-0.07,-0.03,-0.02,-0.02,-0.01,0,0
-0.07,-0.03,-0.02,-0.02,-0.01,0,0
-0.07,-0.03,-0.05,-0.05,-0.02,0,0.01
-0.07,-0.03,-0.05,-0.05,-0.02,0,0
-0.07,-0.03,-0.02,-0.02,-0.01,0,0
-0.07,-0.03,-0.02,-0.02,-0.01,0,0
-0.07,-0.03,-0.09,-0.09,-0.02,-0.01,0
-0.07,-0.03,-0.09,-0.09,-0.01,0,0
-0.07,-0.03,-0.07,-0.07,-0.01,0,0
-0.07,-0.03,-0.07,-0.07,-0.02,0,0
-0.07,-0.03,-0.02,-0.02,-0.02,0,0
-0.07,-0.03,-0.02,-0.02,-0.02,0,0
-0.07,-0.03,-0.02,-0.02,-0.01,0,0
-0.07,-0.03,-0.02,-0.02,-0.01,0,0
-0.07,-0.03,0,0,-0.01,0,0
-0.07,-0.03,0,0,-0.01,0,0
-0.07,-0.03,-0.03,-0.03,-0.02,0,0
-0.07,-0.03,-0.03,-0.03,-0.01,0,-0.01
-0.07,-0.03,0.01,0.01,-0.01,0,0
-0.07,-0.03,0.01,0.01,-0.01,0,0
-0.07,-0.03,-0.03,-0.03,-0.02,0.01,0
-0.07,-0.03,-0.03,-0.03,-0.01,0,0
-0.07,-0.03,-0.06,-0.06,-0.01,0,0
-0.07,-0.03,-0.06,-0.06,-0.01,0,0
-0.08,-0.03,-0.03,-0.03,-0.01,0,0
-0.08,-0.03,-0.03,-0.03,-0.01,0.01,0
-0.08,-0.03,0.04,0.04,-0.01,0,0.01
-0.08,-0.03,0.04,0.04,-0.01,0,0
-0.07,-0.03,0.15,0.15,-0.02,0,0
-0.07,-0.03,0.15,0.15,-0.01,0,0
-0.07,-0.03,0.12,0.12,-0.01,0,-0.01
-0.07,-0.03,0.12,0.12,-0.01,0,0.01
-0.07,-0.03,0.08,0.08,-0.01,0,0
-0.07,-0.03,0.08,0.08,-0.01,0,0
-0.07,-0.03,0.05,0.05,-0.02,0,0
-0.07,-0.03,0.05,0.05,-0.01,0,0
-0.07,-0.03,0.05,0.05,-0.02,0,0
-0.07,-0.03,0.05,0.05,-0.02,0,0
-0.07,-0.03,0.05,0.05,-0.01,0,0
-0.07,-0.03,-0.05,-0.05,-0.01,0,0
-0.07,-0.03,-0.05,-0.05,-0.01,0,0
-0.07,-0.03,-0.02,-0.02,-0.02,0,-0.01
-0.07,-0.03,-0.02,-0.02,-0.02,0,0
-0.07,-0.03,-0.03,-0.03,-0.02,0,0
-0.07,-0.03,-0.03,-0.03,-0.01,0,0
-0.07,-0.03,-0.03,-0.03,-0.02,0.01,0
-0.07,-0.03,-0.03,-0.03,-0.02,0,0
-0.07,-0.03,-0.06,-0.06,-0.01,0,0
-0.07,-0.03,-0.06,-0.06,-0.02,0,0
-0.08,-0.03,-0.04,-0.04,-0.02,0,0
-0.08,-0.03,-0.04,-0.04,-0.01,0,0
-0.08,-0.03,-0.02,-0.02,-0.02,0,0
-0.08,-0.03,-0.02,-0.02,-0.02,0.01,0
-0.08,-0.03,-0.02,-0.02,-0.01,0,0
-0.08,-0.03,-0.02,-0.02,-0.01,0,0
-0.08,-0.03,0.01,0.01,-0.01,0,0
-0.08,-0.03,0.01,0.01,-0.02,0,0
-0.08,-0.03,0.02,0.02,-0.02,0,0
-0.08,-0.03,0.02,0.02,-0.02,-0.01,0
-0.08,-0.03,0.06,0.06,-0.02,0,0
-0.08,-0.03,0.06,0.06,-0.02,0.01,0
-0.08,-0.03,0.09,0.09,-0.01,0,0
-0.08,-0.03,0.09,0.09,-0.02,0,0
-0.08,-0.03,0.01,0.01,-0.01,0,0
-0.08,-0.03,0.01,0.01,-0.02,0,0
-0.08,-0.03,0.01,0.01,-0.01,0.01,0
-0.08,-0.03,0.01,0.01,-0.02,0.01,0.01
-0.08,-0.03,-0.02,-0.02,-0.02,0,0
-0.08,-0.03,-0.02,-0.02,-0.02,0,0
-0.08,-0.03,-0.1,-0.1,-0.01,0,0
-0.08,-0.03,-0.1,-0.1,-0.01,0.01,0
-0.08,-0.03,-0.16,-0.16,-0.01,0.01,0
-0.08,-0.03,-0.16,-0.16,-0.01,0,0
-0.08,-0.03,-0.09,-0.09,-0.02,0,0
-0.08,-0.03,-0.09,-0.09,-0.01,0,0
-0.08,-0.03,-0.09,-0.09,-0.01,0,0
-0.08,-0.03,-0.09,-0.09,-0.01,0,0
-0.08,-0.03,-0.14,-0.14,-0.02,0,0
-0.08,-0.03,-0.14,-0.14,-0.01,0.01,0
-0.08,-0.03,-0.13,-0.13,-0.02,0,0
-0.08,-0.03,-0.13,-0.13,-0.01,0,0
-0.08,-0.03,-0.04,-0.04,-0.01,0,0
-0.09,-0.03,-0.04,-0.04,-0.02,0,0
-0.09,-0.03,-0.04,-0.04,-0.01,0,0.01
-0.09,-0.03,-0.04,-0.04,-0.01,0.01,0
-0.09,-0.03,0,0,-0.01,0.01,0
-0.09,-0.03,0,0,-0.01,0,0
-0.09,-0.03,0.02,0.02,-0.01,0,0
-0.09,-0.02,0.02,0.02,-0.01,0,0
-0.09,-0.03,0.02,0.02,-0.02,0,0
-0.09,-0.02,0.01,0.01,-0.02,0.01,0
-0.09,-0.02,0.01,0.01,-0.02,0.01,0
-0.09,-0.03,0.01,0.01,-0.02,0.01,0
-0.09,-0.03,0.01,0.01,-0.01,0.01,-0.01
-0.09,-0.03,0.03,0.03,-0.02,0.01,0
-0.08,-0.03,0.03,0.03,-0.01,0,0.01
-0.09,-0.03,-0.06,-0.06,-0.02,0,0
-0.09,-0.03,-0.06,-0.06,-0.01,0.01,0
-0.09,-0.03,-0.1,-0.1,-0.02,0.01,0
-0.09,-0.03,-0.1,-0.1,-0.02,0.01,0
-0.09,-0.03,-0.13,-0.13,-0.01,0,0
-0.09,-0.03,-0.13,-0.13,-0.02,0,0
-0.09,-0.03,-0.12,-0.12,-0.01,0,0.01
-0.09,-0.03,-0.12,-0.12,-0.02,0,0
-0.09,-0.03,-0.06,-0.06,-0.02,0.01,0
-0.09,-0.03,-0.06,-0.06,-0.02,0,0
-0.09,-0.03,-0.04,-0.04,-0.01,0.01,0
-0.09,-0.03,-0.04,-0.04,-0.02,0,0
-0.09,-0.03,-0.01,-0.01,-0.02,0,0
-0.09,-0.03,-0.01,-0.01,-0.02,0,0
-0.09,-0.03,0.05,0.05,-0.02,0.01,0
-0.09,-0.03,0.05,0.05,-0.01,0.01,0
-0.09,-0.03,0.03,0.03,-0.02,0,0
-0.09,-0.03,0.03,0.03,-0.01,0,-0.01
-0.09,-0.03,0.06,0.06,-0.01,0.01,0
-0.09,-0.03,0.06,0.06,-0.01,0,0
-0.09,-0.03,0,0,-0.01,0.01,0
-0.09,-0.03,0,0,-0.01,0,0
-0.09,-0.03,0,0,-0.02,0,0
-0.09,-0.03,0,0,-0.02,0.01,0
-0.09,-0.03,0,0,-0.02,0.01,0
-0.09,-0.03,0,0,-0.02,0.01,0
-0.09,-0.03,0,0,-0.02,0,0
-0.09,-0.03,0,0,-0.02,0,0
-0.09,-0.03,-0.01,-0.01,-0.02,0.01,0
-0.09,-0.03,-0.01,-0.01,-0.02,0.01,0
-0.09,-0.03,-0.02,-0.02,-0.02,0,0
-0.09,-0.02,-0.02,-0.02,-0.02,0.01,0.01
-0.09,-0.02,-0.06,-0.06,-0.02,0.01,0
-0.09,-0.02,-0.06,-0.06,-0.01,0,0
-0.09,-0.02,-0.06,-0.06,-0.02,0.01,0
-0.09,-0.02,-0.06,-0.06,-0.02,0,-0.01
-0.09,-0.03,0.05,0.05,-0.02,0,-0.01
-0.09,-0.03,0.05,0.05,-0.01,0,0
-0.09,-0.03,0.12,0.12,-0.02,0,0
-0.09,-0.03,0.12,0.12,-0.02,0,0
-0.09,-0.03,0.12,0.12,-0.02,0.01,0
-0.09,-0.02,0.12,0.12,-0.02,0,0
-0.09,-0.02,0.1,0.1,-0.02,0.01,0
-0.09,-0.02,0.1,0.1,-0.02,0.01,0
-0.09,-0.02,0.07,0.07,-0.02,0,0
-0.09,-0.02,0.07,0.07,-0.02,0,0
-0.09,-0.02,0.05,0.05,-0.02,0.01,0
-0.09,-0.02,0.05,0.05,-0.02,0,0
-0.09,-0.02,0.05,0.05,-0.02,0.01,0
-0.09,-0.02,0.01,0.01,-0.01,0.01,0
-0.09,-0.02,0.01,0.01,-0.01,0,0
-0.09,-0.02,0.01,0.01,-0.02,0.01,0
-0.09,-0.02,0.01,0.01,-0.02,0.01,0
-0.09,-0.02,0.05,0.05,-0.02,0,0
-0.09,-0.02,0.05,0.05,-0.02,0.01,0
-0.09,-0.02,0,0,-0.02,0,0.01
-0.09,-0.02,0,0,-0.02,0.01,0
-0.09,-0.02,0.03,0.03,-0.01,0,0
-0.08,-0.02,0.03,0.03,-0.02,0.01,0
-0.08,-0.02,0.03,0.03,-0.01,0,0
-0.08,-0.02,0.03,0.03,-0.02,0.01,0
-0.08,-0.02,0.1,0.1,-0.02,0,0
-0.08,-0.02,0.1,0.1,-0.02,0.01,0
-0.08,-0.02,0.02,0.02,-0.02,0.01,0
-0.08,-0.02,0.02,0.02,-0.02,0,0
-0.08,-0.02,-0.03,-0.03,-0.01,0,0
-0.08,-0.02,-0.03,-0.03,-0.02,0.01,0
-0.08,-0.02,0,0,-0.02,0.01,0
-0.08,-0.02,0,0,-0.02,0.01,0
-0.08,-0.02,0,0,-0.02,0,0
-0.08,-0.02,0,0,-0.02,0.01,0
-0.08,-0.02,-0.02,-0.02,-0.02,0.01,0.01
-0.08,-0.02,-0.02,-0.02,-0.02,0,0
-0.08,-0.02,-0.01,-0.01,-0.01,0,0
-0.08,-0.02,-0.01,-0.01,-0.01,0.01,0
-0.08,-0.02,-0.02,-0.02,-0.01,0.01,0
-0.08,-0.02,-0.02,-0.02,-0.02,0.01,0
-0.08,-0.02,-0.01,-0.01,-0.01,0.01,0
-0.08,-0.02,-0.01,-0.01,-0.02,0,0.01
-0.08,-0.02,-0.06,-0.06,-0.02,0.01,0
-0.08,-0.02,-0.06,-0.06,-0.02,0.01,0
-0.09,-0.02,-0.08,-0.08,-0.02,0.01,0
-0.09,-0.02,-0.08,-0.08,-0.02,0.01,0
-0.09,-0.02,-0.08,-0.08,-0.02,0.01,0
-0.09,-0.02,-0.08,-0.08,-0.02,0.01,0
-0.09,-0.02,-0.09,-0.09,-0.02,0,0
-0.09,-0.02,-0.09,-0.09,-0.01,0.01,0
-0.09,-0.02,-0.09,-0.09,-0.02,0,0
-0.09,-0.02,-0.09,-0.09,-0.02,0.01,0
-0.09,-0.02,-0.1,-0.1,-0.02,0.01,0
-0.09,-0.02,-0.1,-0.1,-0.02,0.01,0
-0.09,-0.02,-0.06,-0.06,-0.02,0.01,0
-0.09,-0.02,-0.06,-0.06,-0.02,0.01,0
-0.09,-0.02,-0.05,-0.05,-0.02,0.01,0
-0.09,-0.02,-0.05,-0.05,-0.02,0,0
-0.09,-0.02,0.01,0.01,-0.02,0.01,0
-0.09,-0.02,0.01,0.01,-0.01,0,0
-0.09,-0.02,0.05,0.05,-0.01,0.01,0
-0.09,-0.02,0.05,0.05,-0.02,0.01,0.01
-0.09,-0.02,0.06,0.06,-0.02,0.01,-0.01
-0.09,-0.02,0.06,0.06,-0.02,0.01,0
-0.09,-0.02,0.06,0.06,-0.02,0.01,0
-0.09,-0.02,0.06,0.06,-0.02,0.01,0
-0.09,-0.02,0.06,0.06,-0.02,0.01,0
-0.09,-0.02,0.09,0.09,-0.02,0.01,0
-0.09,-0.02,0.09,0.09,-0.01,0.01,0
-0.09,-0.02,0.09,0.09,-0.02,0,0
-0.09,-0.02,0.09,0.09,-0.01,0.01,0
-0.09,-0.02,0.03,0.03,-0.01,0.01,0
-0.09,-0.02,0.03,0.03,-0.01,0.01,0
-0.09,-0.02,0.04,0.04,-0.02,0.01,0
-0.08,-0.02,0.04,0.04,-0.02,0,0
-0.08,-0.02,0.12,0.12,-0.01,0.01,0
-0.08,-0.02,0.12,0.12,-0.01,0.01,0.01
-0.08,-0.02,0.14,0.14,-0.01,0.01,0
-0.08,-0.02,0.14,0.14,-0.02,0.01,0
-0.08,-0.02,0.21,0.21,-0.02,0.01,0
-0.08,-0.02,0.21,0.21,-0.02,0.01,0
-0.08,-0.02,0.22,0.22,-0.02,0.01,0
-0.08,-0.02,0.22,0.22,-0.02,0.01,0
-0.08,-0.02,0.2,0.2,-0.01,0.01,-0.01
-0.08,-0.02,0.2,0.2,-0.01,0.01,0
-0.08,-0.02,0.17,0.17,-0.02,0,0.01
-0.07,-0.02,0.17,0.17,-0.02,0.01,0
-0.07,-0.02,0.14,0.14,-0.02,0.01,0
-0.07,-0.02,0.14,0.14,-0.02,0.01,0
-0.07,-0.02,0.12,0.12,-0.02,0,0
-0.07,-0.02,0.12,0.12,-0.01,0,0
-0.07,-0.02,0.03,0.03,-0.02,0.01,0
-0.07,-0.02,0.03,0.03,-0.02,0.01,0
-0.07,-0.02,-0.01,-0.01,-0.02,0.02,0
-0.07,-0.01,-0.01,-0.01,-0.01,0.01,0
-0.07,-0.01,-0.01,-0.01,-0.02,0.01,0
-0.07,-0.01,-0.01,-0.01,-0.01,0.01,0
-0.07,-0.01,-0.12,-0.12,-0.02,0.01,0
-0.07,-0.01,-0.12,-0.12,-0.02,0.01,0
-0.07,-0.01,-0.08,-0.08,-0.02,0.01,0
-0.07,-0.01,-0.08,-0.08,-0.01,0.01,0
-0.07,-0.01,-0.06,-0.06,-0.01,0.01,0
-0.07,-0.01,-0.06,-0.06,-0.01,0.01,0
-0.07,-0.01,-0.08,-0.08,-0.01,0.01,0
-0.07,-0.02,-0.08,-0.08,-0.01,0,0
-0.07,-0.02,0.02,0.02,-0.02,0.01,0
-0.07,-0.01,0.02,0.02,-0.02,0.01,0.01
-0.07,-0.01,-0.04,-0.04,-0.01,0.01,0
-0.07,-0.01,-0.04,-0.04,-0.01,0,0
-0.07,-0.02,-0.01,-0.01,-0.02,0.01,0
-0.07,-0.02,-0.01,-0.01,-0.02,0.01,0
-0.07,-0.02,-0.01,-0.01,-0.01,0.01,0
-0.07,-0.02,-0.01,-0.01,-0.01,0.01,0
-0.07,-0.02,0.06,0.06,-0.01,0.01,0
-0.07,-0.01,0.06,0.06,-0.01,0,0
-0.07,-0.02,0.06,0.06,-0.02,0.01,0
-0.07,-0.02,0.06,0.06,-0.02,0.01,-0.01
-0.07,-0.02,0.01,0.01,-0.01,0.01,0
-0.07,-0.01,0.01,0.01,-0.02,0.01,0
-0.07,-0.01,0.01,0.01,-0.02,0.01,0
-0.07,-0.02,0.03,0.03,-0.01,0.01,0
-0.07,-0.01,0.03,0.03,-0.01,0.01,0
-0.07,-0.02,0.01,0.01,-0.02,0.01,0
-0.07,-0.02,0.01,0.01,-0.02,0,0
-0.07,-0.02,0.01,0.01,-0.02,0.01,0
-0.07,-0.02,0.01,0.01,-0.01,0.01,0
-0.07,-0.01,-0.02,-0.02,-0.02,0,0.01
-0.07,-0.01,-0.02,-0.02,-0.02,0.01,0
-0.07,-0.01,0.01,0.01,-0.01,0.01,0
-0.07,-0.01,0.01,0.01,-0.02,0.01,0
-0.07,-0.01,-0.08,-0.08,-0.02,0.01,0
-0.07,-0.01,-0.08,-0.08,-0.02,0,0
-0.07,-0.01,-0.1,-0.1,-0.01,0.01,0
-0.07,-0.01,-0.1,-0.1,-0.02,0.01,0
-0.07,-0.01,-0.08,-0.08,-0.02,0.01,0
-0.07,-0.01,-0.08,-0.08,-0.02,0.01,0.01
-0.07,-0.01,-0.06,-0.06,-0.02,0,0
-0.07,-0.01,-0.06,-0.06,-0.02,0.01,0
-0.07,-0.01,-0.03,-0.03,-0.02,0.01,0
-0.07,-0.01,-0.03,-0.03,-0.02,0.01,0
-0.07,-0.01,-0.1,-0.1,-0.02,0.01,0
-0.07,-0.01,-0.1,-0.1,-0.02,0.01,0
-0.07,-0.01,-0.08,-0.08,-0.02,0.02,0
-0.08,-0.01,-0.08,-0.08,-0.02,0.01,0
-0.07,-0.01,0.01,0.01,-0.02,0.01,0
-0.07,-0.01,0.01,0.01,-0.02,0,0
-0.07,-0.01,0.05,0.05,-0.02,0.01,0
-0.07,-0.01,0.05,0.05,-0.02,0.01,0
-0.07,-0.01,0.05,0.05,-0.02,0.01,0.01
-0.07,-0.01,0.05,0.05,-0.02,0.01,0
-0.07,-0.01,0.07,0.07,-0.02,0.01,0
-0.07,-0.01,0.07,0.07,-0.02,0.01,0
-0.07,-0.01,0.09,0.09,-0.02,0,0
-0.07,-0.01,0.09,0.09,-0.02,0.01,0
-0.07,-0.01,0.06,0.06,-0.02,0.01,0
-0.07,-0.01,0.06,0.06,-0.02,0.01,0
-0.07,-0.01,0.03,0.03,-0.01,0.02,0
-0.07,-0.01,0.03,0.03,-0.02,0.01,0
-0.07,-0.01,0.05,0.05,-0.01,0.01,0
-0.07,-0.01,0.05,0.05,-0.01,0.01,0
-0.07,-0.01,0.06,0.06,-0.01,0.01,-0.01
-0.07,-0.01,0.06,0.06,-0.01,0.01,0
-0.07,-0.01,0,0,-0.02,0.01,0
-0.07,-0.01,0,0,-0.02,0.01,0
-0.07,-0.01,0.06,0.06,-0.02,0,0
-0.07,-0.01,0.06,0.06,-0.01,0.01,0
-0.07,-0.01,0.05,0.05,-0.02,0.01,0
-0.07,-0.02,0.05,0.05,-0.02,0.01,-0.01
-0.07,-0.02,0.05,0.05,-0.02,0.01,0
-0.07,-0.02,0.05,0.05,-0.02,0.01,0
-0.07,-0.01,-0.06,-0.06,-0.02,0.01,0
-0.07,-0.02,-0.06,-0.06,-0.01,0.01,-0.01
-0.07,-0.02,-0.02,-0.02,-0.01,0.01,0
-0.07,-0.01,-0.02,-0.02,-0.02,0.01,0
-0.07,-0.01,-0.02,-0.02,-0.02,0.01,0
-0.07,-0.01,-0.04,-0.04,-0.02,0.01,0
-0.07,-0.01,-0.04,-0.04,-0.02,0.01,0
-0.07,-0.01,0.06,0.06,-0.02,0.01,0
-0.07,-0.01,0.06,0.06,-0.01,0.01,0
-0.07,-0.01,0.05,0.05,-0.02,0,0
-0.07,-0.01,0.05,0.05,-0.02,0.01,0
-0.07,-0.01,-0.01,-0.01,-0.02,0,0
-0.07,-0.01,-0.01,-0.01,-0.02,0.01,0.01
-0.07,-0.01,-0.06,-0.06,-0.02,0.01,0
-0.07,-0.01,-0.06,-0.06,-0.02,0.01,0
-0.07,-0.01,-0.06,-0.06,-0.02,0,0.01
-0.07,-0.01,-0.06,-0.06,-0.02,0.01,0
-0.07,-0.01,-0.06,-0.06,-0.02,0.01,-0.01
-0.07,-0.01,-0.06,-0.06,-0.02,0.01,0
-0.07,-0.01,-0.02,-0.02,-0.02,0.01,0
-0.07,-0.01,-0.02,-0.02,-0.02,0.01,0
-0.07,-0.01,0,0,-0.02,0.01,0
-0.07,-0.01,0,0,-0.01,0.01,0
-0.07,-0.01,-0.02,-0.02,-0.02,0.01,0
-0.07,-0.01,-0.02,-0.02,-0.02,0.01,0
-0.07,-0.01,-0.07,-0.07,-0.02,0.01,-0.01
-0.07,-0.01,-0.07,-0.07,-0.02,0.01,0
-0.07,-0.01,0.02,0.02,-0.01,0.01,0
-0.07,-0.01,0.02,0.02,-0.01,0.01,0
-0.07,-0.01,-0.04,-0.04,-0.02,0.01,0
-0.07,-0.01,-0.04,-0.04,-0.02,0.01,0
-0.07,-0.01,-0.01,-0.01,-0.02,0.01,0
-0.07,-0.01,-0.01,-0.01,-0.01,0.01,0
-0.07,-0.01,-0.01,-0.01,-0.02,0.02,0
-0.07,-0.01,-0.01,-0.01,-0.02,0.01,0
-0.07,-0.01,0.02,0.02,-0.02,0.01,0
-0.07,-0.01,0.02,0.02,-0.01,0.01,0
-0.07,-0.01,0.12,0.12,-0.01,0.01,0
-0.07,-0.01,0.12,0.12,-0.02,0.01,0
-0.07,-0.01,0.1,0.1,-0.02,0.01,0
-0.06,-0.01,0.1,0.1,-0.02,0.01,0
-0.06,-0.01,0.06,0.06,-0.02,0.01,0
-0.06,-0.01,0.06,0.06,-0.02,0.01,0
-0.06,-0.01,0.04,0.04,-0.02,0.01,0
-0.06,-0.01,0.04,0.04,-0.02,0.01,0
-0.06,-0.01,0.06,0.06,-0.02,0.01,0
-0.06,-0.01,0.06,0.06,-0.02,0.01,0
-0.06,-0.01,0.07,0.07,-0.02,0.01,-0.01
-0.06,-0.01,0.07,0.07,-0.02,0.01,0
-0.06,-0.01,0.12,0.12,-0.01,0.01,0
-0.06,-0.01,0.12,0.12,-0.02,0.01,0
-0.06,-0.01,0.09,0.09,-0.02,0.01,0
-0.06,-0.01,0.09,0.09,-0.02,0.01,0
-0.06,-0.01,0.06,0.06,-0.02,0.01,0
-0.06,-0.01,0.06,0.06,-0.01,0.01,0
-0.06,-0.01,0.06,0.06,-0.02,0.01,0
-0.06,-0.01,0.06,0.06,-0.02,0.01,0
-0.06,-0.01,0.06,0.06,-0.01,0.01,-0.01
-0.06,-0.01,0.03,0.03,-0.02,0.01,0
-0.06,-0.01,0.03,0.03,-0.02,0.01,0
-0.06,-0.01,-0.06,-0.06,-0.02,0.02,0
-0.06,-0.01,-0.06,-0.06,-0.01,0.01,0
-0.06,-0.01,-0.08,-0.08,-0.02,0.01,0
-0.06,-0.01,-0.08,-0.08,-0.02,0.01,0
-0.06,-0.01,-0.08,-0.08,-0.02,0.01,0
-0.06,-0.01,-0.08,-0.08,-0.01,0.01,0
-0.06,-0.01,-0.08,-0.08,-0.02,0.01,0
-0.06,-0.01,-0.08,-0.08,-0.02,0.01,0
-0.06,-0.01,-0.09,-0.09,-0.02,0.01,0
-0.06,-0.01,-0.09,-0.09,-0.02,0,0
-0.06,-0.01,-0.08,-0.08,-0.01,0,0
-0.06,-0.01,-0.08,-0.08,-0.02,0,0
-0.06,-0.01,-0.09,-0.09,-0.02,0.01,0
-0.06,-0.01,-0.09,-0.09,-0.02,0.01,0
-0.06,-0.01,-0.13,-0.13,-0.02,0.01,0
-0.06,-0.01,-0.13,-0.13,-0.02,0.01,0
-0.06,-0.01,-0.16,-0.16,-0.02,0.01,0
-0.06,-0.01,-0.16,-0.16,-0.02,0.01,0
-0.06,-0.01,-0.1,-0.1,-0.02,0.01,0
-0.06,-0.01,-0.1,-0.1,-0.02,0,0
-0.06,-0.01,-0.11,-0.11,-0.02,0.01,0
-0.06,-0.01,-0.11,-0.11,-0.02,0.01,0
-0.06,-0.01,-0.11,-0.11,-0.02,0.01,0
-0.07,-0.01,-0.11,-0.11,-0.02,0.01,0
-0.07,-0.01,-0.09,-0.09,-0.02,0.01,0
-0.07,-0.01,-0.09,-0.09,-0.02,0.01,0
-0.07,-0.01,-0.01,-0.01,-0.02,0.01,0
-0.07,-0.01,-0.01,-0.01,-0.01,0.01,0
-0.07,-0.01,-0.05,-0.05,-0.02,0.01,0
-0.07,-0.01,-0.05,-0.05,-0.02,0.01,0
-0.07,-0.01,0.03,0.03,-0.02,0.01,0
-0.07,-0.01,0.03,0.03,-0.02,0.01,0.01
-0.07,-0.01,-0.05,-0.05,-0.02,0.01,0
-0.07,-0.01,-0.05,-0.05,-0.02,0.01,0
-0.07,-0.01,-0.07,-0.07,-0.02,0.01,0
-0.07,-0.01,-0.07,-0.07,-0.02,0.02,0.01
-0.07,-0.01,-0.07,-0.07,-0.02,0,0
-0.07,-0.01,-0.07,-0.07,-0.02,0.01,0
-0.07,-0.01,-0.07,-0.07,-0.02,0.02,0
-0.07,-0.01,-0.07,-0.07,-0.02,0.01,0
-0.07,-0.01,-0.08,-0.08,-0.01,0.01,0
-0.07,-0.01,-0.08,-0.08,-0.02,0.01,0
-0.07,-0.01,-0.02,-0.02,-0.03,0.01,0
-0.07,-0.01,-0.02,-0.02,-0.02,0.01,0
-0.07,-0.01,0.03,0.03,-0.02,0.01,0
-0.07,-0.01,0.03,0.03,-0.02,0.01,0
-0.07,-0.01,0.05,0.05,-0.02,0.01,0
-0.07,-0.01,0.05,0.05,-0.02,0.01,0.01
-0.07,-0.01,0,0,-0.02,0.02,0
-0.06,-0.01,0,0,-0.02,0.01,0
-0.06,-0.01,0,0,-0.02,0.02,0
-0.06,-0.01,0,0,-0.01,0.01,0
-0.06,0,0,0,-0.02,0.01,0.01
-0.06,0,0.02,0.02,-0.02,0.01,0
-0.06,-0.01,0.02,0.02,-0.02,0.01,0
-0.06,0,0,0,-0.02,0.01,0
-0.06,0,0,0,-0.02,0.01,0
-0.06,0,0.02,0.02,-0.02,0.01,0
-0.06,0,0.02,0.02,-0.02,0,0
-0.06,0,-0.08,-0.08,-0.02,0.01,0
-0.06,0,-0.08,-0.08,-0.02,0.01,0.01
-0.06,0,-0.05,-0.05,-0.02,0.01,0
-0.06,0,-0.05,-0.05,-0.02,0.01,0
-0.06,0,-0.04,-0.04,-0.01,0.01,0
-0.06,0,-0.04,-0.04,-0.02,0.01,0
-0.06,0,-0.14,-0.14,-0.02,0.01,-0.01
-0.06,0,-0.14,-0.14,-0.02,0.01,0
-0.06,0,-0.16,-0.16,-0.02,0.02,0
-0.06,0,-0.16,-0.16,-0.02,0.02,0
-0.07,0,-0.19,-0.19,-0.02,0,0
-0.07,0,-0.19,-0.19,-0.02,0.01,-0.01
-0.07,0,-0.18,-0.18,-0.02,0.01,0
-0.07,0,-0.18,-0.18,-0.02,0.02,0
-0.07,0,-0.11,-0.11,-0.02,0.01,0
-0.07,0,-0.11,-0.11,-0.01,0.01,0
-0.07,0,-0.09,-0.09,-0.02,0.02,0
-0.07,0,-0.09,-0.09,-0.02,0.01,0
-0.07,0,-0.09,-0.09,-0.02,0.01,-0.01
-0.07,0,-0.09,-0.09,-0.02,0.01,0
-0.07,0,-0.05,-0.05,-0.02,0.01,0
-0.07,0,-0.05,-0.05,-0.02,0.02,0
-0.07,0,-0.04,-0.04,-0.02,0.01,0
-0.07,0,-0.04,-0.04,-0.02,0.01,0
-0.07,0,-0.04,-0.04,-0.02,0.01,0
-0.07,0,-0.04,-0.04,-0.02,0.02,0
-0.07,0,-0.06,-0.06,-0.02,0.01,0
-0.07,0,-0.06,-0.06,-0.02,0.01,0
-0.07,0,-0.09,-0.09,-0.02,0.01,0
-0.07,0,-0.09,-0.09,-0.02,0.01,-0.01
-0.07,0,-0.01,-0.01,-0.02,0.02,0
-0.07,0,-0.01,-0.01,-0.02,0.01,0
-0.07,0,-0.04,-0.04,-0.01,0.01,0
-0.07,0,-0.04,-0.04,-0.02,0.02,0
-0.07,0,0.04,0.04,-0.02,0.01,0
-0.07,0,0.04,0.04,-0.02,0.01,0
-0.07,0,0.04,0.04,-0.02,0.01,0
-0.07,0,0.04,0.04,-0.02,0.01,0
-0.07,0,0.07,0.07,-0.02,0.01,0
-0.06,0,0.07,0.07,-0.02,0.01,0
-0.06,0,0.14,0.14,-0.02,0.01,0.01
-0.06,0,0.14,0.14,-0.02,0.01,0
-0.06,0,0.11,0.11,-0.02,0.01,-0.01
-0.06,0,0.11,0.11,-0.02,0.01,0
-0.06,0,0.1,0.1,-0.02,0.01,0
-0.06,0,0.1,0.1,-0.02,0.01,0
-0.06,0,0.1,0.1,-0.02,0.01,0
-0.06,0,0.03,0.03,-0.01,0.01,0
-0.06,0,0.03,0.03,-0.02,0.01,0
-0.06,0,0.04,0.04,-0.02,0.01,0
-0.06,0,0.04,0.04,-0.02,0.01,0
-0.06,0,0.04,0.04,-0.02,0.02,-0.01
-0.06,0,0.04,0.04,-0.02,0.01,0
-0.06,0,0.14,0.14,-0.02,0.01,0
-0.06,0,0.14,0.14,-0.02,0.01,0
-0.05,0,0.12,0.12,-0.02,0.01,0
-0.05,0,0.12,0.12,-0.02,0.02,0
-0.05,0,0.12,0.12,-0.02,0.01,0
-0.05,0,0.12,0.12,-0.02,0.02,0
-0.05,0,0.1,0.1,-0.01,0.01,0
-0.05,0,0.1,0.1,-0.02,0.01,0.01
-0.05,0,0.1,0.1,-0.02,0.02,0
-0.05,0,0.1,0.1,-0.01,0.01,0
-0.05,0,0.08,0.08,-0.02,0.02,0
-0.05,0,0.08,0.08,-0.01,0.02,0
-0.05,0,0.1,0.1,-0.02,0.01,0
-0.05,0,0.1,0.1,-0.02,0.02,0
-0.05,0,0.05,0.05,-0.01,0.01,0
-0.05,0,0.05,0.05,-0.02,0.02,0
-0.05,0,0.03,0.03,-0.02,0.02,0
-0.05,0,0.03,0.03,-0.01,0.01,0
-0.04,0,0.04,0.04,-0.02,0.01,0
-0.04,0,0.04,0.04,-0.02,0.01,0
-0.04,0,0.04,0.04,-0.01,0.01,0
-0.04,0,0.04,0.04,-0.02,0.01,0
-0.04,0,0.07,0.07,-0.02,0.02,0.01
-0.04,0,0.07,0.07,-0.02,0.01,0
-0.04,0,0,0,-0.02,0.01,0
-0.04,0,0,0,-0.01,0.01,0
-0.04,0,0.04,0.04,-0.02,0.01,0
-0.04,0,0.04,0.04,-0.02,0.01,0
-0.04,0,0.05,0.05,-0.02,0.01,0
-0.04,0,0.05,0.05,-0.02,0.01,0
-0.04,0,0.11,0.11,-0.02,0.01,0
-0.04,0,0.11,0.11,-0.02,0.01,0.01
-0.04,0,-0.01,-0.01,-0.02,0.01,0
-0.04,0,-0.01,-0.01,-0.02,0.01,0
-0.04,0,-0.05,-0.05,-0.02,0.01,0
-0.04,0,-0.05,-0.05,-0.02,0.02,0
-0.04,0,0.04,0.04,-0.02,0.01,0
-0.04,0,0.04,0.04,-0.02,0.01,0
-0.04,0,0.06,0.06,-0.02,0.01,0.01
-0.04,0,0.06,0.06,-0.02,0.01,0.01
-0.04,0,0.08,0.08,-0.02,0.01,0.01
-0.04,0,0.08,0.08,-0.02,0.01,0
-0.04,0,0.07,0.07,-0.02,0.01,0
-0.04,0,0.07,0.07,-0.02,0.01,0.01
-0.03,0,0.04,0.04,-0.02,0.01,0
-0.03,0,0.04,0.04,-0.02,0.01,0
-0.03,0,0.04,0.04,-0.02,0.02,0
-0.03,0.01,0.04,0.04,-0.02,0.02,0
-0.03,0.01,0.04,0.04,-0.01,0.01,0
-0.03,0.01,0.02,0.02,-0.02,0.02,0
-0.03,0.01,0.02,0.02,-0.02,0.01,0
-0.03,0.01,-0.01,-0.01,-0.01,0.01,0
-0.03,0.01,-0.01,-0.01,-0.02,0.01,0
-0.03,0.01,0.02,0.02,-0.01,0.01,0
-0.03,0.01,0.02,0.02,-0.02,0.02,0
-0.03,0.01,0.03,0.03,-0.02,0.01,0.01
-0.03,0.01,0.03,0.03,-0.02,0.01,0
-0.03,0.01,-0.05,-0.05,-0.02,0.01,0
-0.03,0.01,-0.05,-0.05,-0.02,0.01,0.01
-0.03,0.01,-0.08,-0.08,-0.02,0.01,0
-0.03,0.01,-0.08,-0.08,-0.02,0.01,0
-0.03,0.01,-0.08,-0.08,-0.02,0.02,0
-0.03,0.01,-0.08,-0.08,-0.02,0.01,-0.01
-0.03,0.01,-0.01,-0.01,-0.01,0.01,0
-0.03,0.01,-0.01,-0.01,-0.02,0.01,0
-0.03,0.01,-0.05,-0.05,-0.02,0.01,0
-0.03,0.01,-0.05,-0.05,-0.02,0.01,0.01
-0.03,0.01,0,0,-0.02,0.02,0
-0.03,0.01,0,0,-0.02,0.01,0
-0.03,0.01,0.01,0.01,-0.03,0.01,0
-0.03,0.01,0.01,0.01,-0.02,0.01,0
-0.03,0.01,0.03,0.03,-0.02,0.01,0
-0.03,0.01,0.03,0.03,-0.02,0.01,0
-0.03,0.01,0.05,0.05,-0.02,0.01,0
-0.03,0.01,0.05,0.05,-0.01,0.01,0
-0.03,0.01,0.12,0.12,-0.02,0.02,0
-0.03,0.01,0.12,0.12,-0.02,0.01,0
-0.03,0.01,0.03,0.03,-0.01,0.01,0
-0.03,0.01,0.03,0.03,-0.01,0.02,0
-0.02,0.01,0.11,0.11,-0.02,0.01,0
-0.02,0.01,0.11,0.11,-0.02,0.01,0
-0.02,0.01,0.08,0.08,-0.02,0.01,0
-0.02,0.01,0.08,0.08,-0.01,0.02,0
-0.02,0.01,0.09,0.09,-0.02,0.01,0
-0.02,0.01,0.09,0.09,-0.02,0.01,0
-0.02,0.01,0.11,0.11,-0.02,0.01,0
-0.02,0.01,0.11,0.11,-0.01,0.01,0
-0.02,0.01,0.11,0.11,-0.01,0.01,0
-0.02,0.01,0.11,0.11,-0.02,0.01,0
-0.02,0.01,0.09,0.09,-0.02,0.01,0
-0.02,0.01,0.09,0.09,-0.02,0.02,0
-0.02,0.01,0.13,0.13,-0.01,0.02,0
-0.02,0.01,0.13,0.13,-0.02,0.01,0
-0.01,0.01,0.22,0.22,-0.02,0.01,0
-0.01,0.01,0.22,0.22,-0.02,0.01,0
-0.01,0.01,0.23,0.23,-0.02,0.01,0
-0.01,0.01,0.23,0.23,-0.02,0.02,0
-0.01,0.01,0.22,0.22,-0.02,0.01,0
-0.01,0.01,0.22,0.22,-0.02,0.01,0
-0.01,0.01,0.19,0.19,-0.02,0.01,0
-0.01,0.01,0.19,0.19,-0.01,0.02,0
-0.01,0.01,0.19,0.19,-0.02,0.01,0
0,0.01,0.18,0.18,-0.02,0.01,0
0,0.01,0.18,0.18,-0.02,0.01,0
0,0.01,0.09,0.09,-0.02,0.01,0
0,0.01,0.09,0.09,-0.02,0.01,0
0,0.01,0.18,0.18,-0.01,0.01,0
0,0.01,0.18,0.18,-0.02,0.01,0
0,0.01,0.17,0.17,-0.02,0.01,0
0,0.01,0.17,0.17,-0.02,0.02,0
0,0.01,0.18,0.18,-0.02,0.02,0
0,0.01,0.18,0.18,-0.02,0.01,0
0,0.01,0.12,0.12,-0.02,0.02,0
0.01,0.01,0.12,0.12,-0.02,0.01,0
0.01,0.01,0.11,0.11,-0.02,0.02,0
0.01,0.01,0.11,0.11,-0.02,0.01,0
0.01,0.01,0.01,0.01,-0.02,0.01,0
0.01,0.01,0.01,0.01,-0.02,0.01,0
0.01,0.01,0.05,0.05,-0.02,0.01,0
0.01,0.01,0.05,0.05,-0.02,0.02,0
0.01,0.01,0.08,0.08,-0.02,0.02,0
0.01,0.01,0.08,0.08,-0.02,0.01,0
0.01,0.01,0.07,0.07,-0.02,0.01,0
0.01,0.01,0.07,0.07,-0.02,0.01,0
0.01,0.01,0.04,0.04,-0.02,0.01,0
0.01,0.01,0.04,0.04,-0.02,0.01,0
0.01,0.01,0.08,0.08,-0.02,0.01,0
0.01,0.01,0.08,0.08,-0.02,0.02,0
0.01,0.01,0.08,0.08,-0.02,0.01,-0.01
0.01,0.01,0.08,0.08,-0.02,0.01,0
0.01,0.01,0.06,0.06,-0.02,0.01,0
0.01,0.01,0.06,0.06,-0.02,0.01,0
0.01,0.01,0.07,0.07,-0.02,0.01,0
0.01,0.01,0.07,0.07,-0.02,0.02,0
0.02,0.01,0.1,0.1,-0.02,0.01,0
0.02,0.01,0.1,0.1,-0.01,0.02,0
0.02,0.01,0.17,0.17,-0.02,0.02,0
0.02,0.01,0.17,0.17,-0.02,0.01,0
0.02,0.01,0.18,0.18,-0.02,0.02,0
0.02,0.01,0.18,0.18,-0.02,0.01,0
0.02,0.01,0.11,0.11,-0.02,0.01,0
0.02,0.02,0.11,0.11,-0.02,0.01,0.01
0.02,0.01,0.15,0.15,-0.01,0.01,0
0.02,0.01,0.15,0.15,-0.02,0.02,0
0.02,0.01,0.21,0.21,-0.02,0.01,0
0.02,0.01,0.21,0.21,-0.02,0.01,0
0.03,0.01,0.19,0.19,-0.02,0.02,0
0.03,0.02,0.19,0.19,-0.02,0.01,0.01
0.03,0.02,0.18,0.18,-0.02,0.01,0
0.03,0.02,0.18,0.18,-0.02,0.01,0
0.03,0.02,0.19,0.19,-0.02,0.01,0
0.03,0.02,0.19,0.19,-0.02,0.01,0
0.03,0.01,0.18,0.18,-0.03,0.01,-0.01
0.03,0.02,0.18,0.18,-0.02,0.01,0
0.03,0.01,0.18,0.18,-0.02,0.01,0
0.03,0.02,0.17,0.17,-0.01,0.01,0
0.03,0.02,0.17,0.17,-0.02,0.01,0
0.03,0.02,0.14,0.14,-0.02,0.01,0
0.04,0.02,0.14,0.14,-0.02,0.01,0
0.04,0.02,0.15,0.15,-0.02,0.01,0
0.04,0.02,0.15,0.15,-0.02,0.02,0
0.04,0.02,0.15,0.15,-0.01,0.01,0
0.04,0.02,0.15,0.15,-0.02,0.01,0
0.04,0.02,0.14,0.14,-0.02,0.01,0
0.04,0.02,0.14,0.14,-0.01,0.01,0
0.04,0.02,0.14,0.14,-0.02,0.02,0
0.04,0.02,0.14,0.14,-0.02,0.01,0
0.04,0.02,0.11,0.11,-0.02,0.01,0
0.04,0.02,0.11,0.11,-0.02,0.01,0
0.04,0.02,0.1,0.1,-0.02,0.02,0
0.04,0.02,0.1,0.1,-0.02,0.01,0
0.04,0.02,0.17,0.17,-0.02,0.01,0
0.05,0.02,0.17,0.17,-0.02,0.01,0
0.05,0.02,0.17,0.17,-0.02,0.01,-0.01
0.05,0.02,0.17,0.17,-0.02,0.01,0
0.05,0.02,0.19,0.19,-0.02,0.02,0
0.05,0.02,0.19,0.19,-0.02,0.01,0
0.05,0.02,0.21,0.21,-0.02,0.01,0
0.05,0.02,0.21,0.21,-0.02,0.02,0
0.05,0.02,0.18,0.18,-0.02,0.01,0
0.05,0.02,0.18,0.18,-0.02,0.01,0
0.05,0.02,0.18,0.18,-0.02,0.02,0
0.05,0.02,0.18,0.18,-0.02,0.01,0
0.06,0.02,0.22,0.22,-0.01,0.01,-0.01
0.06,0.02,0.22,0.22,-0.02,0.01,0
0.06,0.02,0.22,0.22,-0.02,0.01,0
0.06,0.02,0.22,0.22,-0.02,0.01,0
0.06,0.02,0.19,0.19,-0.02,0.01,0
0.06,0.02,0.19,0.19,-0.02,0.02,0
0.06,0.02,0.14,0.14,-0.02,0.01,-0.01
0.06,0.02,0.14,0.14,-0.01,0.02,0
0.06,0.02,0.21,0.21,-0.02,0.01,0
0.06,0.02,0.21,0.21,-0.02,0.01,0
0.07,0.02,0.22,0.22,-0.02,0.01,0
0.07,0.02,0.22,0.22,-0.02,0.02,0
0.07,0.02,0.22,0.22,-0.02,0.01,0
0.07,0.02,0.22,0.22,-0.02,0.01,0
0.07,0.02,0.21,0.21,-0.02,0.02,0
0.07,0.02,0.21,0.21,-0.02,0.01,0
0.07,0.02,0.22,0.22,-0.02,0.01,0
0.07,0.02,0.22,0.22,-0.02,0.02,0
0.07,0.02,0.29,0.29,-0.02,0.01,0.01
0.07,0.02,0.29,0.29,-0.02,0.01,0
0.08,0.02,0.23,0.23,-0.02,0.01,0
0.08,0.02,0.23,0.23,-0.02,0.01,0
0.08,0.02,0.23,0.23,-0.02,0.01,0
0.08,0.02,0.23,0.23,-0.02,0.01,0
0.08,0.02,0.23,0.23,-0.02,0.01,0
0.08,0.02,0.19,0.19,-0.02,0.01,-0.01
0.08,0.02,0.19,0.19,-0.02,0.01,0
0.08,0.02,0.19,0.19,-0.02,0.02,0
0.08,0.02,0.19,0.19,-0.02,0.01,0
0.08,0.02,0.21,0.21,-0.02,0.02,0
0.08,0.02,0.21,0.21,-0.02,0.01,0
0.09,0.02,0.21,0.21,-0.02,0.01,0
0.09,0.02,0.21,0.21,-0.02,0.01,0
0.09,0.02,0.21,0.21,-0.03,0.02,0
0.09,0.02,0.21,0.21,-0.02,0.01,0
0.09,0.02,0.19,0.19,-0.02,0.02,0
0.09,0.02,0.19,0.19,-0.02,0.02,0
0.09,0.02,0.18,0.18,-0.02,0.01,0
0.09,0.02,0.18,0.18,-0.02,0.01,0
0.09,0.02,0.14,0.14,-0.02,0.01,0
0.09,0.02,0.14,0.14,-0.02,0.01,0
0.09,0.02,0.21,0.21,-0.02,0.02,0
0.09,0.02,0.21,0.21,-0.02,0.01,-0.01
0.09,0.02,0.12,0.12,-0.02,0.01,0
0.1,0.02,0.12,0.12,-0.02,0.01,0
0.1,0.02,0.1,0.1,-0.02,0.01,0
0.1,0.02,0.1,0.1,-0.02,0.01,-0.01
0.1,0.02,0.11,0.11,-0.01,0.01,0.01
0.1,0.02,0.11,0.11,-0.02,0.01,-0.01
0.1,0.02,0.12,0.12,-0.02,0.01,0
0.1,0.02,0.12,0.12,-0.02,0.01,-0.01
0.1,0.02,0.14,0.14,-0.02,0.01,0
0.1,0.02,0.14,0.14,-0.02,0.02,0
0.1,0.02,0.17,0.17,-0.01,0.01,0
0.1,0.02,0.17,0.17,-0.02,0.01,0
0.1,0.02,0.19,0.19,-0.02,0.02,0
0.1,0.02,0.19,0.19,-0.02,0.01,0
0.1,0.02,0.21,0.21,-0.02,0.01,0
0.1,0.02,0.21,0.21,-0.02,0.01,-0.01
0.1,0.02,0.23,0.23,-0.02,0.01,0
0.1,0.02,0.23,0.23,-0.02,0.01,0
0.11,0.02,0.22,0.22,-0.02,0.01,0
0.11,0.02,0.22,0.22,-0.02,0.01,0
0.11,0.02,0.25,0.25,-0.02,0.01,0
0.11,0.02,0.25,0.25,-0.02,0.01,0
0.11,0.02,0.23,0.23,-0.01,0.01,0
0.11,0.02,0.23,0.23,-0.02,0.01,0
0.11,0.02,0.23,0.23,-0.01,0.01,0
0.11,0.02,0.23,0.23,-0.01,0.01,0
0.11,0.02,0.19,0.19,-0.02,0.01,0
0.11,0.02,0.19,0.19,-0.01,0.01,0
0.11,0.02,0.18,0.18,-0.02,0.01,0
0.11,0.02,0.18,0.18,-0.02,0.01,0.01
0.12,0.02,0.18,0.18,-0.02,0.01,0
0.12,0.02,0.18,0.18,-0.02,0.01,0
0.12,0.02,0.22,0.22,-0.02,0.01,0
0.12,0.02,0.22,0.22,-0.02,0.01,0
0.12,0.02,0.21,0.21,-0.02,0.01,0
0.12,0.02,0.21,0.21,-0.02,0.02,-0.01
0.12,0.02,0.21,0.21,-0.01,0.01,0
0.12,0.02,0.21,0.21,-0.01,0.01,0
0.12,0.02,0.21,0.21,-0.02,0.02,0
0.12,0.02,0.21,0.21,-0.02,0.01,0
0.12,0.02,0.21,0.21,-0.02,0.01,0
0.12,0.02,0.15,0.15,-0.02,0.01,0
0.12,0.02,0.15,0.15,-0.02,0.02,0
0.12,0.02,0.11,0.11,-0.02,0.01,0
0.12,0.02,0.11,0.11,-0.02,0.01,0
0.12,0.02,0.06,0.06,-0.02,0.01,0
0.12,0.02,0.06,0.06,-0.02,0.01,0
0.12,0.02,0.04,0.04,-0.02,0.02,-0.01
0.12,0.02,0.04,0.04,-0.02,0.02,0
0.12,0.02,0.07,0.07,-0.02,0.01,0
0.12,0.02,0.07,0.07,-0.02,0.01,0
0.12,0.02,0.03,0.03,-0.02,0.01,0
0.12,0.02,0.03,0.03,-0.02,0.01,0
0.12,0.02,0.02,0.02,-0.01,0.01,0
0.12,0.02,0.02,0.02,-0.02,0.01,0
0.12,0.02,0,0,-0.02,0.02,0
0.12,0.02,0,0,-0.02,0.01,-0.01
0.12,0.02,-0.09,-0.09,-0.02,0.02,0
0.12,0.02,-0.09,-0.09,-0.02,0.01,0
0.12,0.02,0,0,-0.01,0.02,0
0.12,0.02,0,0,-0.02,0.01,0
0.12,0.02,0,0,-0.02,0.01,0
0.12,0.02,0,0,-0.02,0.01,0
0.12,0.02,0.02,0.02,-0.02,0.01,0
0.12,0.02,0.02,0.02,-0.02,0.01,0
0.12,0.02,0.03,0.03,-0.02,0.02,0
0.12,0.02,0.03,0.03,-0.02,0.01,0
0.12,0.02,0.04,0.04,-0.02,0.01,0
0.12,0.02,0.04,0.04,-0.02,0.01,0.01
0.12,0.02,0.08,0.08,-0.02,0.01,0
0.12,0.02,0.08,0.08,-0.02,0.02,0
0.12,0.02,0.11,0.11,-0.02,0.02,0
0.12,0.02,0.11,0.11,-0.02,0.01,0
0.12,0.02,0.07,0.07,-0.02,0.01,0
0.12,0.02,0.07,0.07,-0.02,0.01,0
0.12,0.02,0.03,0.03,-0.02,0.02,0
0.12,0.02,0.03,0.03,-0.02,0.01,0
0.12,0.02,0.04,0.04,-0.02,0.01,0
0.12,0.02,0.04,0.04,-0.01,0.02,0
0.13,0.02,0.13,0.13,-0.02,0.01,0
0.13,0.02,0.13,0.13,-0.02,0.01,0
0.13,0.02,0.14,0.14,-0.02,0.01,0
0.13,0.02,0.14,0.14,-0.02,0.02,0
0.13,0.02,0.2,0.2,-0.01,0.01,0
0.13,0.02,0.2,0.2,-0.02,0.01,0.01
0.13,0.02,0.21,0.21,-0.02,0.02,0
0.13,0.02,0.21,0.21,-0.02,0.01,0
0.13,0.02,0.17,0.17,-0.02,0.01,0
0.13,0.02,0.17,0.17,-0.02,0.01,0
0.13,0.02,0.17,0.17,-0.02,0.02,0
0.13,0.02,0.16,0.16,-0.02,0.01,0
0.13,0.02,0.16,0.16,-0.02,0.02,0
0.13,0.02,0.18,0.18,-0.02,0.01,-0.01
0.13,0.02,0.18,0.18,-0.02,0.01,0
0.13,0.02,0.1,0.1,-0.01,0.01,0
0.13,0.02,0.1,0.1,-0.02,0.01,0
0.13,0.02,0.17,0.17,-0.02,0.01,0
0.13,0.02,0.17,0.17,-0.02,0.01,0
0.14,0.02,0.18,0.18,-0.02,0.02,0
0.14,0.02,0.18,0.18,-0.01,0.01,0
0.14,0.02,0.17,0.17,-0.01,0.01,0
0.14,0.02,0.17,0.17,-0.02,0.01,0
0.14,0.02,0.07,0.07,-0.02,0.01,0
0.14,0.02,0.07,0.07,-0.02,0.02,0
0.14,0.02,0.07,0.07,-0.02,0.01,0
0.14,0.02,0.07,0.07,-0.02,0.01,0
0.14,0.02,0.13,0.13,-0.02,0.01,0
0.14,0.02,0.13,0.13,-0.02,0.02,0
0.14,0.02,0.1,0.1,-0.02,0.01,0
0.14,0.03,0.1,0.1,-0.02,0.01,0.01
0.14,0.02,0.14,0.14,-0.02,0.01,0
0.14,0.03,0.14,0.14,-0.02,0.02,0
0.14,0.02,0.06,0.06,-0.02,0.02,0
0.14,0.03,0.06,0.06,-0.02,0.01,0.01
0.14,0.03,0.06,0.06,-0.02,0.01,0
0.14,0.03,0.06,0.06,-0.02,0.01,0
0.14,0.03,0.03,0.03,-0.02,0.02,0
0.14,0.03,0.03,0.03,-0.02,0.01,0
0.14,0.03,0.04,0.04,-0.02,0.01,0
0.14,0.03,0.04,0.04,-0.02,0.02,0
0.14,0.03,0.03,0.03,-0.02,0.02,0
0.14,0.03,0.03,0.03,-0.02,0.01,0
0.14,0.03,0.06,0.06,-0.02,0.02,0
0.14,0.03,0.06,0.06,-0.02,0.01,0
0.14,0.03,0.03,0.03,-0.02,0.01,0
0.14,0.03,0.03,0.03,-0.02,0.02,0.01
0.14,0.03,0.03,0.03,-0.02,0.02,0
0.14,0.03,0.03,0.03,-0.02,0.01,0
0.14,0.03,-0.04,-0.04,-0.02,0.01,0
0.14,0.03,-0.04,-0.04,-0.02,0.01,0
0.14,0.03,-0.06,-0.06,-0.02,0.02,0
0.14,0.03,-0.06,-0.06,-0.02,0.01,0
0.14,0.03,0.01,0.01,-0.02,0.01,0
0.14,0.03,0.01,0.01,-0.02,0.01,0.01
0.14,0.03,0.01,0.01,-0.02,0.02,0
0.14,0.03,0.01,0.01,-0.02,0.01,0
0.14,0.03,0.05,0.05,-0.02,0.01,0
0.14,0.03,0.05,0.05,-0.02,0.01,0
0.14,0.03,-0.03,-0.03,-0.02,0.01,0
0.14,0.03,-0.03,-0.03,-0.02,0.02,0
0.14,0.03,-0.02,-0.02,-0.02,0.02,0
0.14,0.03,-0.02,-0.02,-0.02,0.01,-0.01
0.14,0.03,-0.01,-0.01,-0.02,0.01,0
0.14,0.03,-0.01,-0.01,-0.02,0.01,0
0.14,0.03,-0.01,-0.01,-0.02,0.02,0
0.14,0.03,-0.01,-0.01,-0.02,0.01,0
0.14,0.03,-0.01,-0.01,-0.01,0.01,0
0.14,0.03,-0.03,-0.03,-0.02,0.02,0
0.14,0.03,-0.03,-0.03,-0.02,0.01,0
0.14,0.03,-0.03,-0.03,-0.02,0.02,0
0.14,0.03,-0.03,-0.03,-0.02,0.01,0
0.14,0.02,0.02,0.02,-0.02,0.01,0
0.14,0.02,0.02,0.02,-0.02,0.02,0
0.14,0.02,0.02,0.02,-0.02,0.01,0
0.14,0.03,0.02,0.02,-0.02,0.02,0
0.14,0.03,0.01,0.01,-0.02,0.01,0
0.14,0.02,0.01,0.01,-0.02,0.02,0
0.14,0.03,-0.01,-0.01,-0.02,0.01,0.01
0.14,0.03,-0.01,-0.01,-0.01,0.01,0
0.14,0.03,-0.01,-0.01,-0.02,0.01,0
0.14,0.03,-0.01,-0.01,-0.02,0.01,0
0.14,0.03,-0.12,-0.12,-0.02,0.01,0
0.14,0.03,-0.12,-0.12,-0.02,0.01,0
0.14,0.02,-0.16,-0.16,-0.02,0.02,0
0.13,0.02,-0.16,-0.16,-0.02,0.01,0
0.13,0.02,-0.17,-0.17,-0.02,0.01,0
0.13,0.02,-0.17,-0.17,-0.02,0.02,0
0.13,0.02,-0.14,-0.14,-0.02,0.02,0
0.13,0.02,-0.14,-0.14,-0.01,0.01,0
0.13,0.02,-0.17,-0.17,-0.02,0.02,0
0.13,0.03,-0.17,-0.17,-0.02,0.01,0
0.13,0.02,-0.17,-0.17,-0.02,0.02,0
0.13,0.02,-0.17,-0.17,-0.02,0.01,0
0.13,0.02,-0.08,-0.08,-0.02,0.01,0
0.13,0.02,-0.08,-0.08,-0.02,0.01,0
0.13,0.02,-0.1,-0.1,-0.01,0.01,0
0.13,0.02,-0.1,-0.1,-0.02,0.02,0
0.13,0.02,-0.13,-0.13,-0.02,0.01,0.01
0.13,0.02,-0.13,-0.13,-0.03,0.01,0
0.12,0.02,-0.13,-0.13,-0.02,0.01,0
0.12,0.02,-0.13,-0.13,-0.02,0.02,0
0.12,0.02,-0.13,-0.13,-0.02,0.01,0
0.12,0.02,-0.13,-0.13,-0.03,0.01,0
0.12,0.02,-0.09,-0.09,-0.02,0.02,0
0.12,0.02,-0.09,-0.09,-0.02,0.02,0
0.12,0.02,-0.1,-0.1,-0.02,0.01,0
0.12,0.02,-0.1,-0.1,-0.03,0.01,0
0.12,0.02,-0.03,-0.03,-0.02,0.01,0
0.12,0.02,-0.03,-0.03,-0.02,0.01,-0.01
0.12,0.02,0.02,0.02,-0.02,0.01,0
0.12,0.02,0.02,0.02,-0.02,0.01,0
0.12,0.02,0.03,0.03,-0.02,0.01,0
0.12,0.02,0.03,0.03,-0.02,0.01,0
0.12,0.02,0.03,0.03,-0.02,0.02,0
0.12,0.02,0.03,0.03,-0.02,0.01,0
0.12,0.02,0.03,0.03,-0.02,0.01,0
0.12,0.02,-0.05,-0.05,-0.02,0.01,0
0.12,0.02,-0.05,-0.05,-0.02,0.01,0
0.12,0.02,0.06,0.06,-0.02,0.01,0
0.12,0.02,0.06,0.06,-0.02,0.02,0
0.12,0.02,0,0,-0.02,0.02,0
0.12,0.02,0,0,-0.02,0.01,0.01
0.12,0.02,0.04,0.04,-0.02,0.01,0
0.12,0.02,0.04,0.04,-0.02,0.01,0
0.12,0.02,0.1,0.1,-0.02,0.01,0
0.12,0.02,0.1,0.1,-0.02,0.01,0
0.12,0.02,0.07,0.07,-0.01,0.02,0
0.12,0.03,0.07,0.07,-0.02,0.01,0
0.12,0.03,0.06,0.06,-0.02,0.01,0.01
0.12,0.03,0.06,0.06,-0.01,0.01,0
0.12,0.03,0.07,0.07,-0.02,0.01,0
0.12,0.03,0.07,0.07,-0.02,0.02,0
0.12,0.03,0.06,0.06,-0.02,0.01,0
0.12,0.03,0.06,0.06,-0.02,0.01,0
0.12,0.03,0.1,0.1,-0.02,0.01,0
0.12,0.03,0.1,0.1,-0.02,0.01,0
0.12,0.03,0.07,0.07,-0.02,0.01,0
0.12,0.03,0.07,0.07,-0.02,0.02,0
0.12,0.03,0.06,0.06,-0.02,0.01,0
0.12,0.03,0.06,0.06,-0.01,0.01,0
0.13,0.03,0.06,0.06,-0.02,0.01,0
0.13,0.03,0.06,0.06,-0.02,0.01,0.01
0.13,0.03,0.06,0.06,-0.02,0.01,0
0.13,0.03,0.06,0.06,-0.02,0.01,0
0.13,0.03,0.07,0.07,-0.02,0.01,0
0.13,0.03,0.07,0.07,-0.02,0.01,0.01
0.13,0.03,0,0,-0.02,0.02,0
0.13,0.03,0,0,-0.03,0,0.01
0.13,0.03,0.04,0.04,-0.02,0.02,-0.01
0.13,0.03,0.04,0.04,-0.02,0.01,0
0.13,0.03,0.08,0.08,-0.03,0.01,0.01
0.13,0.03,0.08,0.08,-0.02,0.01,-0.01
0.13,0.03,0.11,0.11,-0.02,0.01,0
0.13,0.03,0.11,0.11,-0.02,0.01,0
0.13,0.03,0.14,0.14,-0.02,0.01,0
0.13,0.03,0.14,0.14,-0.02,0.02,0
0.13,0.03,0.15,0.15,-0.02,0.01,0
0.13,0.03,0.15,0.15,-0.01,0.01,0
0.13,0.03,0.26,0.26,-0.02,0.02,-0.01
0.13,0.03,0.26,0.26,-0.02,0.01,-0.01
0.13,0.03,0.24,0.24,-0.02,0.01,0
0.13,0.03,0.24,0.24,-0.02,0.01,0
0.14,0.03,0.21,0.21,-0.02,0.01,0
0.14,0.03,0.21,0.21,-0.02,0.02,0
0.14,0.03,0.2,0.2,-0.02,0.02,0
0.14,0.03,0.2,0.2,-0.02,0.02,0
0.14,0.03,0.11,0.11,-0.01,0.01,0
0.14,0.03,0.11,0.11,-0.02,0.01,0
0.14,0.03,0.11,0.11,-0.02,0.01,0
0.14,0.03,0.14,0.14,-0.02,0.01,0
0.14,0.03,0.14,0.14,-0.01,0.02,-0.01
